-0.037453982979059,0.16835357248783,0.055748410522938,0.05534814670682,0.10122108459473,0.17627756297588,0.039523005485535,-0.092787057161331,0.018495213240385,0.030882820487022,0.096286192536354,0.043851308524609,-0.015709556639194,-0.095607347786427,0.073132678866386,0.010218212381005,-0.13580369949341,0.059615541249514,-0.058648336678743,-0.10296056419611,0.11375146359205,-0.010952879674733,0.027797056362033,-0.057145684957504,0.21062590181828,-0.11924966424704,-0.069003410637379,-0.0063929725438356,0.062797375023365,0.099573768675327,0.11650865525007,0.015875605866313,-0.02225000411272,0.056520856916904,0.046152137219906,-0.031247464939952,-0.035053554922342,-0.12192512303591,0.13813282549381,-0.0016067459946498,0.14496098458767,-0.10728407651186,0.10725224018097,0.03600237518549,-0.13937312364578,-0.15531301498413,0.034195829182863,-0.028805073350668,-0.0037312603089958,-0.043793749064207,0.089718028903008,0.087658368051052,-0.094845697283745,-0.012720360420644,-0.0049150208942592,0.05913246050477,-0.038841620087624,0.020319130271673,-0.12240097671747,0.023061355575919,-0.13761647045612,-0.10265098512173,0.081161238253117,-0.097298286855221,0.1119087934494,0.067975372076035,-0.044872593134642,-0.02105058170855,-0.12921379506588,0.15388910472393,0.036392357200384,0.19861389696598,-0.046989381313324,-0.03163106366992,0.045485332608223,0.0087854918092489,-0.0035542969126254,-0.049888253211975,-0.095570884644985,0.088425666093826,-0.027394026517868,-0.0080410009250045,0.20723730325699,0.16904366016388,-0.077733345329762,0.024628393352032,0.078060261905193,0.013620677404106,-0.016014562919736,0.019656470045447,-0.024865558370948,-0.13981401920319,-0.086472906172276,0.032429773360491,-0.10179290175438,-0.15460050106049,-0.12741951644421,0.056273002177477,-0.017442895099521,0.028009271249175,-0.0015625668456778,0.0088878162205219,0.026446152478456,0.064963333308697,0.085733488202095,0.092567220330238,0.049049064517021,0.14857870340347,0.072916768491268,-0.039232395589352,-0.067954897880554,-0.026504153385758,-0.1051155552268,0.093427337706089,0.088808611035347,-0.029583405703306,0.011493255384266,0.14051033556461,0.090732805430889,0.18192340433598,0.14401845633984,-0.036564361304045,-0.057395365089178,-0.0032546620350331,0.072219982743263,0.067320756614208,0.13136780261993,0.14239512383938
0.029032781720161,0.22010213136673,-0.0030052338261157,0.07281956076622,0.054738387465477,0.1916268914938,0.00512072769925,-0.14117068052292,0.035818707197905,0.07486679404974,0.18066671490669,0.0019999255891889,-0.022748088464141,-0.068966135382652,0.045978762209415,-0.019794361665845,-0.062667682766914,0.19524340331554,-0.082645110785961,-0.12242839485407,0.084848038852215,0.032985847443342,0.042093809694052,0.018618773669004,0.15778359770775,-0.14806593954563,-0.022791111841798,-0.0099561214447021,0.053038474172354,0.11419317126274,0.07350368052721,0.013297999277711,-0.048046443611383,0.054086048156023,0.049877025187016,0.0019869259558618,-0.073624923825264,-0.11096918582916,0.08009646832943,0.070790939033031,0.036104544997215,-0.048721142113209,-0.0091869831085205,0.11036531627178,-0.14828681945801,-0.13917307555676,0.032572664320469,0.01962012052536,-0.021953795105219,-0.0077982898801565,0.18418592214584,0.16068685054779,-0.16368746757507,-0.042175233364105,-0.078711554408073,0.06292362511158,-0.015303779393435,0.029345082119107,-0.025826465338469,0.019818665459752,-0.12595531344414,-0.10864052176476,0.12225752323866,-0.095933154225349,0.060284964740276,-0.057645134627819,0.001697454135865,-0.015241775661707,-0.10650894790888,0.30026227235794,0.062222067266703,0.16377310454845,0.0094223544001579,-0.018574571236968,-0.054146219044924,-0.10098747164011,-0.057898961007595,-0.0068744914606214,-0.15160150825977,0.0050496216863394,-0.015273816883564,0.081811003386974,0.090762317180634,0.0396993085742,-0.076376721262932,0.026856997981668,0.027169566601515,-0.10348608344793,-0.02378941886127,0.04241993650794,-0.040874291211367,-0.13712230324745,-0.08717779815197,-0.061501152813435,-0.004874347243458,-0.16046278178692,-0.13462917506695,0.026359407231212,-0.004552255384624,0.025260109454393,0.0029827700927854,0.08368393778801,0.069140858948231,0.058685358613729,0.076607674360275,0.039765328168869,0.02266744337976,0.072568960487843,0.081328563392162,-0.010813198983669,-0.016608586534858,0.026190351694822,-0.046197157353163,0.094369873404503,0.062555938959122,-0.053147524595261,0.040116291493177,0.023554077371955,0.1307031661272,0.10307931900024,0.14151553809643,-0.04119435697794,-0.050178568810225,0.054588738828897,0.096194989979267,-0.0050901700742543,0.13618791103363,0.11925218999386
-0.018657173961401,0.21143625676632,0.0044718724675477,0.049081906676292,0.099163919687271,0.15434676408768,0.044909209012985,-0.05743545666337,-0.0018354146741331,0.067336693406105,0.11290466785431,0.017275610938668,-0.034601919353008,-0.098816514015198,0.068728774785995,-0.015695786103606,-0.091835372149944,0.07320324331522,-0.040069628506899,-0.096269339323044,0.065135568380356,-0.026262760162354,0.049546606838703,-0.091734424233437,0.2043741196394,-0.12351798266172,-0.034020353108644,0.01486150175333,0.088966324925423,0.0615019723773,0.094800710678101,0.0093456218019128,-0.022479152306914,0.032093554735184,0.01531374361366,-0.042848184704781,-0.041283782571554,-0.094680957496166,0.11421715468168,0.023468792438507,0.13491356372833,-0.084194146096706,0.075173616409302,0.081590995192528,-0.18398220837116,-0.12728779017925,0.042542785406113,-0.033628769218922,-0.01195284537971,-0.027167044579983,0.093239486217499,0.15518894791603,-0.15907622873783,-0.019401662051678,-0.043406762182713,0.035773154348135,-0.026797465980053,0.00815608818084,-0.085197076201439,0.019937876611948,-0.14843936264515,-0.13497743010521,0.10244145989418,-0.094630397856236,0.096416041254997,0.032958660274744,-0.034024678170681,-0.027289615944028,-0.094124287366867,0.194405823946,0.046958170831203,0.21265184879303,-0.013809620402753,0.022176964208484,0.031865227967501,-0.041070494800806,-0.013562736101449,-0.0017353983130306,-0.11756281554699,0.034463260322809,-0.06884952634573,0.010303571820259,0.17483994364738,0.14484098553658,-0.039468564093113,0.01881404966116,0.055056225508451,0.0080488957464695,0.022930949926376,-0.015527095645666,-0.026240238919854,-0.12084387987852,-0.11317076534033,-0.032377120107412,-0.021189941093326,-0.20468682050705,-0.086085818707943,0.065955780446529,-0.035716716200113,0.008019158616662,-0.070648841559887,0.025691425427794,0.075500197708607,0.081332199275494,0.046668969094753,0.088839210569859,0.046599462628365,0.17322306334972,0.1185709387064,-0.049753580242395,-0.043591067194939,0.0059322086162865,-0.093782350420952,0.11685958504677,0.087097495794296,-0.088839247822762,0.050283282995224,0.062843188643456,0.15392525494099,0.15331673622131,0.12932053208351,-0.0087882941588759,-0.048851814121008,0.041527960449457,0.086315236985683,-0.0052738445810974,0.14113393425941,0.14481128752232
0.01441712025553,0.17128756642342,-0.047907065600157,0.033810265362263,0.11436048150063,0.1656229943037,0.0154327172786,-0.13088378310204,0.042294312268496,0.001585548510775,0.13514588773251,0.036416709423065,0.013343276455998,0.019668880850077,0.056931026279926,-0.033933188766241,-0.013766766525805,0.071078464388847,-0.057982943952084,-0.070340938866138,0.051957190036774,0.027821889147162,0.087373025715351,-0.013933475129306,0.18177035450935,-0.14766067266464,-0.0026757358573377,0.050151739269495,0.084402613341808,0.10121986269951,0.13728864490986,-0.0019726862665266,0.0067571271210909,0.0090858396142721,-0.006568961776793,0.010081473737955,-0.061437014490366,-0.061362218111753,0.085951618850231,0.071413084864616,0.090882875025272,-0.002185023855418,0.012550096027553,0.083141952753067,-0.20730797946453,-0.13819880783558,-0.007973400875926,0.011139975860715,0.072847776114941,-0.0044343024492264,0.079052865505219,0.16557040810585,-0.10744718462229,-0.040643200278282,-0.075598694384098,0.032813671976328,-0.03690143302083,0.10358765721321,-0.067737825214863,0.037793546915054,-0.21143420040607,-0.090740136802197,0.13416385650635,-0.11173786222935,0.042413756251335,0.006749177351594,-0.00010862584167626,0.016371320933104,-0.14020523428917,0.19016619026661,0.095200002193451,0.17104022204876,-0.012338935397565,-0.017245559021831,0.037768315523863,-0.013619244098663,-0.034748278558254,-0.078605189919472,-0.131596788764,0.07660473883152,-0.023864747956395,0.012384976260364,0.17502817511559,0.11869432032108,-0.030797991901636,0.0026685988996178,0.048447158187628,-0.042420133948326,-0.044355235993862,-0.03099899739027,-0.037558495998383,-0.14602062106133,-0.053221698850393,-0.0076137413270772,0.017020836472511,-0.22066822648048,-0.12630887329578,0.057317603379488,-0.041748609393835,-0.00071102171204984,-0.044434100389481,0.059744413942099,0.078726768493652,0.10244909673929,-0.010614861734211,0.09304029494524,0.022146252915263,0.097930558025837,0.13285683095455,-0.054784644395113,0.0026786900125444,0.0096051627770066,-0.068206362426281,0.17533671855927,0.016429234296083,-0.023748923093081,0.027924174442887,0.093861989676952,0.1194210126996,0.20197694003582,0.11379047483206,-0.063290365040302,-0.11099880933762,0.016122985631227,0.037849511951208,0.024674536660314,0.087898693978786,0.16118179261684
-0.015588656999171,0.26206088066101,0.017184691503644,0.044240728020668,0.074246980249882,0.16288627684116,-0.014380109496415,-0.14191783964634,-0.0039227241650224,0.05870022252202,0.11547322571278,0.041196372359991,-0.055853139609098,-0.12826259434223,0.023321023210883,-0.018831800669432,-0.12488891929388,0.11038175225258,-0.04170285910368,-0.072425976395607,0.02596658654511,0.051243778318167,0.06116634234786,-0.084530487656593,0.1424103230238,-0.12394520640373,-0.018411764875054,0.035778224468231,0.060406178236008,0.10346136987209,0.034279983490705,-0.044209688901901,-0.019465453922749,0.018425919115543,0.065038837492466,-0.047575064003468,-0.016653878614306,-0.11128138005733,0.13524800539017,0.078916028141975,0.04734755307436,-0.068448811769485,0.061239946633577,0.044743321835995,-0.17601981759071,-0.10605822503567,0.072932280600071,-0.0094142500311136,-0.019820135086775,0.076092645525932,0.14482919871807,0.17374405264854,-0.16476514935493,0.016849920153618,-0.061769977211952,-0.0025393348187208,0.010366950184107,-0.032824367284775,-0.11592447012663,0.044641170650721,-0.11873127520084,-0.092979729175568,0.12947306036949,-0.097925283014774,0.08428118377924,-0.060731526464224,-0.011512874625623,-0.043223343789577,-0.12727159261703,0.21596187353134,0.073381766676903,0.18574817478657,0.011917819269001,0.057562880218029,0.013088028877974,-0.033990949392319,-0.038727380335331,-0.034414455294609,-0.10084387660027,0.037577200680971,0.002362095285207,0.041293796151876,0.15225113928318,0.17700608074665,-0.040032051503658,0.022036632522941,-0.0083781974390149,-0.024525228887796,0.023754440248013,0.031482581049204,-0.057678148150444,-0.13063369691372,-0.066915318369865,0.017671948298812,-0.032148830592632,-0.22477078437805,-0.10083593428135,0.067629635334015,-0.030050445348024,0.0028452854603529,-0.035628661513329,0.067236214876175,0.038554362952709,0.054261773824692,0.084781639277935,0.079331316053867,0.082733206450939,0.13845229148865,0.071025542914867,0.034557454288006,-0.0089856227859855,-0.016216406598687,-0.029982790350914,0.1563299447298,-0.007261332590133,-0.07014112919569,0.044636230915785,0.12086175382137,0.10110897570848,0.10906048119068,0.10943080484867,-0.019588692113757,-0.026418153196573,-0.010165485553443,0.10618421435356,0.010349984280765,0.15154449641705,0.12011899799109
0.035236418247223,0.13636142015457,0.085097603499889,0.10738856345415,0.063943140208721,0.18792495131493,0.020333178341389,-0.087474398314953,0.027957605198026,-0.042463775724173,0.1127767637372,0.026448411867023,-0.015931939706206,-0.047145508229733,0.072975344955921,-0.044182393699884,-0.070735909044743,0.080579899251461,-0.065427966415882,-0.083006516098976,0.10778407752514,0.0042632045224309,0.054330807179213,0.025802448391914,0.21246705949306,-0.21443569660187,-0.062999032437801,0.036680556833744,0.0090571790933609,0.091562688350677,0.1422266960144,-0.050164680927992,-0.035599611699581,0.070823535323143,0.025853609666228,-0.026587501168251,-0.054829675704241,-0.12688088417053,0.093035846948624,0.028854077681899,0.088570430874825,-0.047150123864412,0.063393473625183,0.012458035722375,-0.13365314900875,-0.23233500123024,-0.01271325070411,-0.029575508087873,0.058415926992893,0.061899468302727,0.12756763398647,0.082323476672173,-0.072788760066032,0.0049899471923709,-0.040356788784266,0.026563404127955,-0.038851033896208,0.038323525339365,-0.05993115156889,0.0046344990842044,-0.14030410349369,-0.051168579608202,0.043458428233862,-0.14301939308643,0.03688071668148,0.046537190675735,0.018360761925578,-0.072169870138168,-0.18692757189274,0.16824316978455,0.056570991873741,0.17647922039032,-0.014476255513728,-0.0027303013484925,0.0057616108097136,-0.032932698726654,0.02663267031312,-0.11413953453302,-0.078829728066921,0.13729400932789,-0.024112462997437,-0.042064890265465,0.19339257478714,0.10770266503096,-0.019289853051305,0.026660913601518,0.024850752204657,-0.048511274158955,-0.034500882029533,0.011542360298336,-0.02530119009316,-0.15806637704372,-0.032000001519918,0.01748089119792,-0.06313519179821,-0.16824996471405,-0.1390492618084,0.04698060080409,-0.055218294262886,0.045059442520142,-0.008788731880486,0.061093412339687,0.041722618043423,0.074552178382874,0.082635059952736,0.093984089791775,0.071495302021503,0.080541647970676,0.066820248961449,-0.029766838997602,-0.055823601782322,-0.028843082487583,-0.054197665303946,0.12947651743889,0.034589607268572,-0.016468955203891,0.080268822610378,0.16646260023117,0.084446020424366,0.17850340902805,0.099787309765816,-0.055525969713926,-0.093499481678009,-0.0096403378993273,0.090412504971027,0.030485464259982,0.15585505962372,0.15289318561554
-0.018149361014366,0.1897803992033,0.023426335304976,0.072127662599087,0.084031820297241,0.15098282694817,0.035845190286636,-0.076661989092827,0.037936367094517,0.054596617817879,0.11248214542866,0.027460604906082,-0.012968203052878,-0.073148548603058,0.057323664426804,-0.015615111216903,-0.095335766673088,0.099719047546387,-0.065480269491673,-0.096549026668072,0.09651643037796,-0.039677102118731,0.048016514629126,-0.07423023879528,0.20884707570076,-0.15770944952965,-0.063297927379608,0.021025845780969,0.037344191223383,0.10099701583385,0.09753442555666,0.028831284493208,-0.0038535238709301,0.062072120606899,0.024143498390913,-0.051711373031139,-0.02442274056375,-0.091495744884014,0.12539325654507,0.00010893226863118,0.1123445853591,-0.088579580187798,0.10258439183235,0.030223786830902,-0.15434795618057,-0.19835078716278,0.015863057225943,-0.032747846096754,0.030965616926551,-0.0017889093142003,0.11886825412512,0.11295943707228,-0.12183441966772,0.008417934179306,-0.028524721041322,0.041951540857553,-0.017994252964854,-0.024551199749112,-0.085743695497513,-0.0036953038070351,-0.13329622149467,-0.12760926783085,0.062175244092941,-0.11167826503515,0.071908913552761,0.065108567476273,-0.032187428325415,-0.022834127768874,-0.12522631883621,0.16789524257183,0.046208120882511,0.18933399021626,-0.026265548542142,-0.0036056223325431,0.014776886440814,-0.025847781449556,0.010763505473733,-0.067762114107609,-0.11151266843081,0.053775921463966,-0.060010924935341,-0.0012183964718133,0.19210155308247,0.14953128993511,-0.040544457733631,0.035769421607256,0.04556842148304,-0.0025560390204191,0.043744523078203,0.001829270971939,-0.053712390363216,-0.15600197017193,-0.073547750711441,-0.011718603782356,-0.06056085973978,-0.18678729236126,-0.13623476028442,0.066538877785206,-0.038629028946161,0.026710299775004,-0.014644370414317,0.024512013420463,0.06646367162466,0.089197792112827,0.095901757478714,0.078858271241188,0.0463194437325,0.13763478398323,0.084203228354454,-0.036538165062666,-0.08382160961628,-0.018277954310179,-0.092858590185642,0.12048452347517,0.071545138955116,-0.066863529384136,0.065901957452297,0.11303529143333,0.13176634907722,0.15384671092033,0.13675878942013,-0.012583870440722,-0.048533096909523,0.019521422684193,0.096233621239662,0.0023915159981698,0.15307991206646,0.15537983179092
-0.014771485701203,0.17590823769569,0.011813394725323,0.041371040046215,0.078837759792805,0.15572242438793,0.024635436013341,-0.052584525197744,0.0078308498486876,0.038869701325893,0.12904532253742,0.040460057556629,0.0092135975137353,-0.092502035200596,0.030807893723249,-0.0099795367568731,-0.11316214501858,0.066146053373814,-0.062227390706539,-0.060030911117792,0.10251296311617,-0.024589508771896,0.046423781663179,-0.05989583209157,0.18618021905422,-0.11961507052183,-0.023321639746428,0.020946627482772,0.075910039246082,0.092824310064316,0.079693749547005,-0.0097931856289506,0.0039887954480946,0.052429307252169,0.0011899815872312,-0.061727210879326,-0.040276363492012,-0.086634360253811,0.12780684232712,0.017184538766742,0.11370772123337,-0.10894711315632,0.092206314206123,0.067221753299236,-0.17269511520863,-0.20654313266277,0.031103370711207,-0.028252257034183,0.014817883260548,0.010546242818236,0.095979750156403,0.12136442214251,-0.13183256983757,0.018699079751968,-0.028026709333062,0.027785087004304,-0.019645929336548,-0.0062337233684957,-0.094503812491894,-0.0092210983857512,-0.14879167079926,-0.13107469677925,0.10325942933559,-0.069979101419449,0.046230334788561,0.047481145709753,-0.031303577125072,-0.034971334040165,-0.10973597317934,0.12638269364834,0.029928272590041,0.16743616759777,-0.029153754934669,0.00066710077226162,0.055857166647911,-0.027452543377876,0.0042828153818846,-0.051888305693865,-0.097039453685284,0.10203239321709,-0.035397071391344,-0.02807610668242,0.21957696974277,0.16615359485149,-0.034141071140766,0.049339290708303,0.062105972319841,0.017967248335481,0.046576950699091,-0.0066345790401101,-0.038680113852024,-0.15429365634918,-0.10021979361773,0.027542255818844,-0.080626353621483,-0.2066289037466,-0.13383707404137,0.08208379894495,-0.041471086442471,-0.0029230855870992,-0.018421361222863,0.034387357532978,0.067204870283604,0.096167884767056,0.075338713824749,0.096435897052288,0.052282318472862,0.17349836230278,0.096820160746574,-0.06811248511076,-0.060497071594,-0.0039836401119828,-0.099134340882301,0.13498277962208,0.055069014430046,-0.046911377459764,0.0501319617033,0.12230859696865,0.12256507575512,0.16743499040604,0.11843068152666,-0.043885789811611,-0.056063905358315,-0.004314826335758,0.063159324228764,0.026403989642859,0.1449463814497,0.17111288011074
0.045508190989494,0.16483645141125,-0.0027138411533087,0.039186183363199,0.050711415708065,0.034898970276117,0.020673751831055,-0.11556901037693,-0.047258444130421,0.021065205335617,0.131616294384,-0.039677422493696,0.029299592599273,0.14883728325367,0.10865136235952,0.016270093619823,0.095426775515079,0.060657072812319,0.011819608509541,-0.064553648233414,0.040615044534206,0.041092786937952,0.15369668602943,-0.07478978484869,0.13498547673225,-0.082126095890999,0.0057469923049212,0.045937824994326,0.13113649189472,0.10722702741623,0.048295319080353,0.064929686486721,0.095447838306427,-0.026554815471172,0.0042538461275399,-0.010830742307007,-0.016094585880637,0.14886824786663,0.076203025877476,0.055208772420883,-0.038849227130413,0.075744286179543,-0.024935144931078,0.021830692887306,-0.1978375017643,0.032080870121717,0.0078722462058067,-0.075306467711926,0.004285145085305,-0.080478705465794,0.08793842792511,0.24778924882412,-0.076401181519032,0.0045434981584549,-0.075715690851212,0.0017351270653307,0.091425776481628,0.054263241589069,-0.029110046103597,0.051826491951942,-0.17744369804859,-0.14293117821217,0.053560417145491,-0.10041555017233,0.10150799155235,0.025324638932943,-0.011138277128339,0.061465848237276,-0.10473856329918,0.18579505383968,0.11652547866106,0.088041178882122,-0.02814538218081,-0.020366605371237,0.05651143938303,-0.016443807631731,-0.045178510248661,-0.0844806432724,-0.11278929561377,0.027771161869168,-0.051701597869396,-0.014213664457202,0.084501683712006,0.036438230425119,0.0099808285012841,-0.05084328353405,-0.014643643051386,-0.084204331040382,-0.073585815727711,-0.034279022365808,-0.063068822026253,-0.09032978117466,-0.047455545514822,-0.028205405920744,0.071155712008476,-0.20244270563126,-0.027029434219003,0.13079619407654,0.022769341245294,-0.0041615446098149,-0.075213178992271,0.11237905919552,0.10749968141317,0.14179779589176,-0.046647477895021,0.040016546845436,0.057609714567661,0.082301437854767,0.28167673945427,-0.16102759540081,-0.041080731898546,0.014091687276959,-0.086028099060059,0.12230962514877,0.072840608656406,-0.0052784821018577,0.019173216074705,-0.026358818635345,0.0928550735116,0.16306035220623,0.059456150978804,-0.029361486434937,-0.097613207995892,0.04096145182848,0.11158814281225,0.010763024911284,0.15323729813099,0.13212390244007
0.032550521194935,0.175024330616,0.078557856380939,0.041681427508593,0.057596325874329,0.039751715958118,0.0041290489025414,-0.060098800808191,-0.049493689090014,0.02361717633903,0.12959931790829,-0.045528259128332,0.012418791651726,0.12711921334267,0.13967177271843,-0.012588834390044,0.12215649336576,0.11985935270786,0.008063517510891,-0.067783303558826,0.089621499180794,0.051510199904442,0.13139230012894,-0.048567410558462,0.14384657144547,-0.14284300804138,-0.017917439341545,0.058827333152294,0.12033082544804,0.10203306376934,0.054263141006231,-0.0017345336964354,0.12627649307251,0.011462978087366,0.055567886680365,0.0015509295044467,0.0089975809678435,0.090141259133816,0.030466265976429,0.013652472756803,-0.044006042182446,0.081030927598476,0.0078851263970137,0.020304895937443,-0.18652461469173,0.019670272246003,0.021772107109427,-0.084083341062069,-0.029414167627692,-0.054106928408146,0.099434673786163,0.2050666809082,-0.10724452137947,0.0050542452372611,-0.059058781713247,0.02788913808763,0.056558776646852,-0.0031073240097612,-0.046265471726656,0.042234942317009,-0.13798616826534,-0.14244210720062,-0.0039626243524253,-0.12201864272356,0.14074783027172,-0.016413755714893,-0.023745555430651,0.022649446502328,-0.13804492354393,0.22549347579479,0.12614788115025,0.067035838961601,-0.033865310251713,-0.079258717596531,0.0089834490790963,-0.0015032715164125,-0.028113747015595,-0.026253636926413,-0.080996356904507,-0.031178874894977,-0.097220867872238,0.0092492122203112,0.074845269322395,0.056652326136827,0.026565130800009,-0.043088357895613,-0.033941600471735,-0.076608449220657,-0.053093008697033,0.032142352312803,-0.055591870099306,-0.10242784768343,-0.066956281661987,-0.030717302113771,0.072176203131676,-0.18304273486137,-0.052607424557209,0.12445609271526,-0.031120838597417,0.021475102752447,-0.06452526897192,0.13039480149746,0.090472213923931,0.080631539225578,-0.013747531920671,0.054422616958618,0.075570575892925,0.028028514236212,0.2516123354435,-0.14565758407116,-0.077555947005749,-0.036899387836456,-0.08551487326622,0.11234825849533,0.091503381729126,-0.025641985237598,0.053629960864782,-0.060759734362364,0.07371249049902,0.16703590750694,0.052008830010891,-0.015945684164762,-0.10080902278423,0.065288871526718,0.16198194026947,8.3434708358254e-05,0.21384638547897,0.10563058406115
0.042019069194794,0.10429759323597,0.02853069640696,0.048887427896261,0.038758121430874,0.01975984685123,0.0035771948751062,-0.067501470446587,-0.043247643858194,0.026173321530223,0.14399249851704,-0.0045329327695072,0.011357311159372,0.13352300226688,0.092316180467606,-0.00074253464117646,0.098023645579815,0.08882587403059,0.044492471963167,-0.060425169765949,0.068534977734089,0.046812210232019,0.15820376574993,-0.075349219143391,0.11638348549604,-0.05717284604907,0.033892143517733,0.018000606447458,0.091540329158306,0.088536575436592,0.021409809589386,0.013229672797024,0.13742634654045,-0.022957004606724,0.01786414347589,-0.023363197222352,-0.014365954324603,0.15552125871181,0.058154422789812,0.047159675508738,-0.045675419270992,0.096464417874813,-0.051488634198904,0.020841429010034,-0.21747487783432,-0.0083959614858031,-0.002315464662388,-0.12559954822063,0.020147582516074,-0.069620102643967,0.10513236373663,0.23111535608768,-0.084655202925205,0.0375936627388,-0.058519303798676,0.0068452642299235,0.12777993083,0.0053983707912266,-0.052228447049856,0.055127829313278,-0.14224672317505,-0.18586194515228,0.036193408071995,-0.09043775498867,0.1283305734396,-0.02944553643465,-0.016790676862001,0.062650837004185,-0.06887736171484,0.20983773469925,0.12310682982206,0.075481556355953,-0.029597157612443,-0.05050378292799,0.025070641189814,-0.0043316120281816,-0.056515976786613,-0.057630751281977,-0.10522738099098,0.0080234874039888,-0.10946476459503,-0.0036884357687086,0.1080461665988,0.054190430790186,0.02136748470366,-0.067547790706158,0.013333862647414,-0.052199799567461,-0.052610617130995,-0.048798967152834,-0.089341938495636,-0.080343313515186,-0.044417928904295,-0.017100082710385,0.066342853009701,-0.216787353158,-0.026127545163035,0.12132819741964,0.0058520371094346,0.0048857885412872,-0.065721265971661,0.11777433753014,0.10074888169765,0.1041828468442,0.011793513782322,0.014153807424009,0.084766022861004,0.031805548816919,0.25297945737839,-0.16152261197567,-0.075591750442982,-0.015052967704833,-0.062561042606831,0.10166175663471,0.092636942863464,-0.003211934119463,0.040343385189772,-0.067385129630566,0.074152700603008,0.14427450299263,0.05073968321085,-0.017539801076055,-0.10022704303265,0.019604381173849,0.14802718162537,0.018548116087914,0.19602957367897,0.16358257830143
0.018005078658462,0.11686920374632,0.032874915748835,0.071705222129822,0.096487499773502,0.072004713118076,0.049030184745789,-0.075596019625664,-0.025335602462292,0.015192271210253,0.14139318466187,0.032630741596222,0.026402013376355,0.068345427513123,0.09571835398674,-0.02179522998631,0.049874659627676,0.093628525733948,-0.010575303807855,-0.056871298700571,0.10844183713198,-0.0071016298606992,0.095074139535427,-0.027469167485833,0.18398015201092,-0.094321884214878,-0.02740591019392,-0.0078017949126661,0.098797664046288,0.11228870600462,0.084002465009689,0.027205500751734,0.08658355474472,0.0040807970799506,0.015515021048486,-0.02095864340663,-0.056152250617743,0.059063747525215,0.044748350977898,-0.0078210243955255,0.071454599499702,0.036079078912735,0.010960622690618,0.091861724853516,-0.23405049741268,-0.060846593230963,0.014777124859393,-0.094040378928185,0.010609285905957,-0.1150716021657,0.089801087975502,0.15799690783024,-0.090748488903046,-0.02482246235013,-0.01714263856411,0.050720829516649,-0.0027791988104582,0.071348920464516,-0.052091553807259,0.032210558652878,-0.17344552278519,-0.17512345314026,0.058206234127283,-0.082267910242081,0.14294980466366,0.016154056414962,-0.03662545979023,0.016899829730392,-0.11009022593498,0.17638236284256,0.11175040155649,0.1211229339242,-0.022865395992994,-0.08981853723526,0.027029367163777,0.013333199545741,-0.050930436700583,-0.038799587637186,-0.1080119907856,0.047474902123213,-0.1167064756155,-0.006746499799192,0.14420236647129,0.076850108802319,-0.013239144347608,-0.052396953105927,0.073272779583931,-0.0354989990592,-0.066556185483932,-0.033230934292078,-0.063189215958118,-0.11351481825113,-0.083759166300297,-0.035639561712742,-0.0019163440447301,-0.21080853044987,-0.065350584685802,0.084270037710667,-0.0039573069661856,-0.0035726982168853,-0.06382828950882,0.09713426232338,0.11798836290836,0.093108482658863,-0.028042510151863,0.056711945682764,0.055021401494741,0.10306902229786,0.22760017216206,-0.15478250384331,-0.051781617105007,-0.014479665085673,-0.13403370976448,0.094598531723022,0.10583101958036,-0.018845595419407,0.0033854532521218,-0.034253992140293,0.088665768504143,0.19361187517643,0.080547221004963,-0.024518935009837,-0.14491279423237,0.040019236505032,0.12194983661175,0.047501735389233,0.16768389940262,0.15499992668629
0.065547294914722,0.12340512126684,0.0049952776171267,0.078808858990669,0.079177357256413,0.070925436913967,0.0047802007757127,-0.097394540905952,-0.05155335739255,-0.017204355448484,0.14727061986923,-0.0042132441885769,0.016499346122146,0.094934053719044,0.10934840142727,-0.012262686155736,0.095397256314754,0.041736729443073,0.042352233082056,-0.035831648856401,0.089794285595417,-0.0042690713889897,0.13697427511215,-0.039893075823784,0.19548305869102,-0.10084871947765,0.019533505663276,-0.0049486393108964,0.087342590093613,0.10313329845667,0.082556672394276,0.0041897152550519,0.10595595836639,0.0039287828840315,0.022975042462349,0.00684456480667,-0.022166946902871,0.080953247845173,0.06438060849905,-0.028480863198638,0.0083864443004131,0.032676517963409,-0.0052454750984907,0.05357713997364,-0.21415162086487,0.022183690220118,0.018863016739488,-0.083426490426064,-0.020889623090625,-0.085702024400234,0.073134668171406,0.20333904027939,-0.049115382134914,-0.01438008248806,-0.026186890900135,0.015988741070032,0.022756496444345,0.04862891510129,-0.05685331299901,0.034905795007944,-0.15738748013973,-0.15613393485546,0.063954122364521,-0.12878121435642,0.14925354719162,0.019779374822974,-0.029303824529052,0.054755792021751,-0.10863733291626,0.18426285684109,0.094134084880352,0.093196123838425,-0.071284234523773,-0.11078407615423,0.043313849717379,0.0091371778398752,-0.016790272668004,-0.034237448126078,-0.096527002751827,0.094556830823421,-0.12175231426954,-0.041828859597445,0.10685592144728,0.040614861994982,0.0015299180522561,-0.050768971443176,0.0099486038088799,-0.05913894623518,-0.083692327141762,-0.013417094945908,-0.03571942448616,-0.10831121355295,-0.073395006358624,0.010523214004934,0.013299169950187,-0.21254996955395,-0.030110506340861,0.093247666954994,0.011856247670949,-0.032186686992645,-0.059138927608728,0.11010345071554,0.087138883769512,0.086745046079159,-0.036757942289114,0.066713236272335,0.083009049296379,0.10359431058168,0.23009653389454,-0.15795764327049,-0.051780976355076,-0.010534513741732,-0.097963362932205,0.098248444497585,0.11295149475336,-0.0090200798586011,-0.022174395620823,-0.038941759616137,0.08941537886858,0.2065105587244,0.052511349320412,-0.028173895552754,-0.12450700998306,0.057056054472923,0.16003532707691,0.037247031927109,0.20592957735062,0.12893475592136
0.02459360845387,0.14398601651192,0.02105451375246,0.075462721288204,0.080277048051357,0.12741401791573,0.020691053941846,-0.093410082161427,-0.024617411196232,-0.0049287886358798,0.14738404750824,0.025266144424677,0.011444563046098,0.010167947970331,0.057002000510693,-0.028508365154266,-0.033068545162678,0.10340172052383,-0.031478513032198,-0.06427401304245,0.12809108197689,-0.033412478864193,0.097210861742496,-0.018073011189699,0.20815491676331,-0.13232642412186,-0.005468275398016,-0.016114572063088,0.064649879932404,0.1165988445282,0.080545850098133,-0.029108030721545,0.049178119748831,0.018884461373091,0.023196034133434,-0.021504424512386,-0.097261279821396,-0.021403299644589,0.04721887409687,-0.015700554475188,0.055693294852972,-0.032833699136972,0.02618052996695,0.12535440921783,-0.21461470425129,-0.081813558936119,0.032832633703947,-0.065223507583141,-0.033215675503016,-0.056391552090645,0.10379768162966,0.15172438323498,-0.089410223066807,-0.030037296935916,-0.02631750702858,0.049578603357077,-0.016697386279702,0.061044823378325,-0.042142067104578,0.0010244204895571,-0.14866940677166,-0.13460466265678,0.10051470249891,-0.063847854733467,0.1146318167448,0.0093194209039211,-0.04863266274333,0.008104139007628,-0.1228109896183,0.20945832133293,0.088000364601612,0.13049177825451,-0.029473517090082,-0.1077122092247,0.019447807222605,-0.0013151013990864,-0.043917309492826,-0.052582327276468,-0.11196947097778,0.099486827850342,-0.099670857191086,-0.035632371902466,0.14055667817593,0.074360102415085,-0.06353897601366,-0.0081010367721319,0.051707595586777,-0.050959624350071,-0.051677402108908,0.0048832576721907,-0.046881452202797,-0.13981877267361,-0.098820097744465,-0.024428719654679,-0.042693495750427,-0.1973218023777,-0.10054654628038,0.089367926120758,0.0050019421614707,-0.01800592802465,-0.027238538488746,0.10024698078632,0.099416188895702,0.066593833267689,0.0074635609053075,0.073723934590816,0.04353504627943,0.14613430202007,0.16320285201073,-0.13869786262512,-0.031144434586167,-0.0028145820833743,-0.11510624736547,0.093703746795654,0.094887264072895,-0.0028813451062888,-0.00090182817075402,0.027456071227789,0.12626025080681,0.20428669452667,0.087375834584236,-0.058549460023642,-0.13506883382797,0.022845078259706,0.12477235496044,0.050406530499458,0.18860560655594,0.15780308842659
0.039122369140387,0.10727176815271,-0.0097364215180278,0.05727356299758,0.14058254659176,0.1165180131793,0.038558475673199,-0.092704750597477,-0.074372299015522,-0.027294550091028,0.11283913999796,0.098145097494125,0.02179099060595,0.030089357867837,0.031522113829851,-0.035582929849625,-0.011719357222319,0.10370636731386,-0.029310744255781,-0.022673418745399,0.11785160750151,-0.012383366934955,0.10135836899281,-0.014105355367064,0.18339455127716,-0.11193576455116,-0.0067442604340613,-0.012450449168682,0.038410864770412,0.13474979996681,0.033027358353138,-0.013583400286734,0.040190815925598,0.025682469829917,-0.0098561188206077,-0.035750117152929,-0.097991690039635,-0.044238712638617,0.034620717167854,0.0069060395471752,0.083896979689598,0.014450689777732,0.070896230638027,0.13797003030777,-0.26516789197922,-0.073394112288952,0.067901805043221,-0.092154674232006,-0.013301817700267,-0.011796002276242,0.12286053597927,0.089089453220367,-0.1300705820322,-0.0058832028880715,0.0061761168763041,0.037657547742128,-0.020709384232759,0.11257108300924,-0.036228746175766,0.035590827465057,-0.13089343905449,-0.11550532281399,0.10643841326237,-0.065627202391624,0.12102699279785,-0.04310218244791,-0.064058721065521,0.0058657056652009,-0.11696948111057,0.19521974027157,0.10703674703836,0.16326563060284,0.0049752965569496,-0.078060105443001,0.0063552688807249,0.044271763414145,-0.043284848332405,-0.051591008901596,-0.11342377215624,0.059163019061089,-0.095326326787472,-0.0083457762375474,0.15949879586697,0.10660499334335,-0.072362683713436,-0.011655731126666,0.080876991152763,-0.03960882127285,-0.056703370064497,-0.01386228017509,-0.057579845190048,-0.14798140525818,-0.11411871761084,-0.038537211716175,-0.02882239036262,-0.19694425165653,-0.093298964202404,0.10187541693449,-0.0081126745790243,-0.015974739566445,-0.075804315507412,0.098418146371841,0.12503871321678,0.10641137510538,-0.041335958987474,0.067237630486488,-0.0084645468741655,0.17377309501171,0.11001185327768,-0.13044799864292,-0.0039603170007467,-0.012669185176492,-0.10723121464252,0.11813420802355,0.044352199882269,-0.012620627880096,0.026289789006114,0.013513676822186,0.092825047671795,0.21229971945286,0.080681480467319,-0.025776572525501,-0.12912540137768,0.0078118541277945,0.081170655786991,0.0383644066751,0.13697521388531,0.14661434292793
0.054705452173948,0.10622617602348,0.0023482195101678,0.079780347645283,0.089924961328506,0.039387866854668,0.029160927981138,-0.11438356339931,-0.09558142721653,0.041927296668291,0.14600957930088,0.024537235498428,0.034704510122538,0.1187472268939,0.099026657640934,0.0075846305117011,0.089998170733452,0.091556645929813,0.044880326837301,-0.021068191155791,0.07061456143856,-0.0013150221202523,0.13554430007935,-0.056764416396618,0.1659222394228,-0.059901092201471,-0.003304485231638,0.008788213133812,0.094145946204662,0.12776605784893,0.022993836551905,0.057996440678835,0.097517676651478,-0.013700358569622,0.011130631901324,-0.015656024217606,-0.050949409604073,0.085404463112354,0.074226625263691,-0.014322427101433,-0.0018227969994769,0.044209334999323,0.0096889082342386,0.060981538146734,-0.24403171241283,-0.0015035329852253,0.025394573807716,-0.085359171032906,0.0047361929900944,-0.087570533156395,0.12805752456188,0.19609405100346,-0.093056976795197,-0.0031414800323546,-0.017817035317421,0.0080943712964654,0.049551162868738,0.048939570784569,-0.03216265141964,0.067701801657677,-0.14987204968929,-0.17216835916042,0.056408133357763,-0.084334269165993,0.14855521917343,0.0076768188737333,-0.055002130568027,0.040393594652414,-0.10880870372057,0.17578610777855,0.10658719390631,0.11852769553661,-0.023186272010207,-0.06804034858942,0.015960477292538,0.0037745169829577,-0.021023696288466,-0.053475372493267,-0.097610235214233,0.048964064568281,-0.081192255020142,-0.040409438312054,0.11292070895433,0.054189253598452,-0.007867026142776,-0.071386262774467,0.022433314472437,-0.051488146185875,-0.056470703333616,-0.0252301748842,-0.07498387247324,-0.077693551778793,-0.075795859098434,-0.0054164323955774,0.0083729047328234,-0.21387073397636,-0.034861657768488,0.1157706156373,0.020903125405312,-0.030263405293226,-0.053967416286469,0.12876702845097,0.1217910349369,0.099165022373199,-0.019305292516947,0.052745144814253,0.070989511907101,0.10628057271242,0.26254278421402,-0.14770996570587,-0.057554587721825,-0.0042512305080891,-0.091081723570824,0.10644724965096,0.08826570212841,-0.021930795162916,0.028767922893167,-0.02653206512332,0.06546451151371,0.1847900301218,0.052864618599415,-0.041048586368561,-0.11090313643217,0.026670398190618,0.12520605325699,0.044626403599977,0.18836975097656,0.14664840698242
0.07410441339016,0.025810662657022,0.058171823620796,0.011157959699631,0.069605864584446,0.095929719507694,0.014399073086679,0.0098977293819189,-0.12282618135214,0.074822030961514,0.028415204957128,0.02562577649951,0.14797440171242,-0.050769567489624,0.046722333878279,0.10925064235926,-0.025826375931501,0.074406363070011,-0.086955055594444,0.1373205780983,0.20985718071461,-0.094931170344353,0.090614788234234,-0.036978077143431,0.0056239399127662,-0.032846733927727,-0.2041754424572,-0.12852385640144,-0.005821808706969,0.12320174276829,-0.050263546407223,0.12052454799414,0.018092727288604,0.11587592214346,0.072227582335472,-0.011257341131568,0.027367008849978,0.11472281813622,0.12559702992439,-0.16206558048725,-0.10675428807735,-0.087325572967529,0.10519576817751,-0.1073509529233,-0.040432911366224,-0.075728505849838,0.085765577852726,0.0097885569557548,-0.11797801405191,0.098989821970463,0.085067354142666,-0.052830800414085,-0.065425001084805,0.10193603485823,0.11216742545366,-0.05074654519558,0.069478400051594,-0.089366845786572,-0.084973312914371,-0.079031899571419,0.011897703632712,-0.041915029287338,0.014485318213701,-0.12730833888054,0.10357944667339,0.029646435752511,-0.12746372818947,0.088842757046223,-0.13647256791592,-0.029318867251277,0.0093446653336287,0.074679881334305,-0.11414916813374,-0.063567012548447,-0.053678087890148,0.032993465662003,0.076364621520042,-0.049660563468933,0.11773735284805,0.11005543917418,-0.001613300293684,-0.091912753880024,0.024447211995721,0.065470576286316,-0.041418552398682,0.0063672126270831,-0.012372561730444,0.067164339125156,0.1627634614706,0.10356079787016,-0.0027814020868391,-0.10141077637672,-0.052175063639879,0.14846816658974,-0.15781284868717,-0.0081974724307656,-0.057635016739368,0.15391337871552,-0.074155785143375,0.0064501389861107,0.13273131847382,0.031144106760621,-0.093416951596737,0.061630886048079,0.085403442382812,0.074706256389618,-0.0076285763643682,0.068472281098366,0.13022392988205,-0.051314733922482,-0.17813538014889,0.035622242838144,-0.098761662840843,0.032504830509424,0.13500300049782,0.070023514330387,0.0022300754208118,0.059201415628195,-0.090023629367352,0.15271957218647,0.0041128871962428,-0.002681840211153,0.11165636777878,0.027762375771999,0.064901776611805,0.045143898576498,0.18234477937222,-0.0052933488041162
0.04558214917779,0.041933711618185,0.067480385303497,0.014795836061239,0.0096718780696392,0.12498212605715,-0.0097389379516244,0.068625152111053,-0.06504612416029,0.057406518608332,0.064859092235565,-0.015415933914483,0.14486746490002,-0.10126923024654,0.041516561061144,0.13434658944607,-0.04059636592865,0.024268602952361,-0.13269446790218,0.10513588041067,0.21558870375156,-0.14804032444954,0.09198609739542,-0.0041722753085196,0.020020585507154,-0.076878361403942,-0.17024306952953,-0.14670035243034,-0.0025051331613213,0.047615144401789,0.047959927469492,0.07830923050642,0.0089551778510213,0.12367980182171,0.0046529830433428,0.0075426623225212,-0.0044851177372038,0.11413134634495,0.096716985106468,-0.088203437626362,-0.085996113717556,-0.13210979104042,0.049174424260855,-0.099518656730652,0.026006182655692,-0.1394269913435,0.056803498417139,-0.0075565185397863,-0.1331799775362,0.085028879344463,0.062940262258053,-0.065364092588425,-0.079115629196167,0.06316926330328,0.037932828068733,-0.014905394986272,0.037693455815315,-0.077494874596596,-0.057042494416237,-0.084620013833046,-0.030212845653296,-0.043625470250845,-0.00040631328010932,-0.15846511721611,0.08970395475626,0.039301745593548,-0.092868760228157,0.081235900521278,-0.13646058738232,-0.023033795878291,-0.018990838900208,0.072640240192413,-0.1414423584938,-0.063406012952328,-0.01036655344069,-0.0086504621431231,0.092585258185863,0.002435372909531,0.071846380829811,0.15817774832249,-0.05230250582099,-0.15053083002567,0.02559526078403,0.039515569806099,-0.091090597212315,0.082969762384892,0.0085408007726073,0.035531267523766,0.12550374865532,0.046118047088385,-0.019585741683841,-0.13388386368752,-0.052525788545609,0.14455610513687,-0.12736287713051,0.026991588994861,-0.077653743326664,0.11063621938229,-0.10307751595974,0.040753450244665,0.08892946690321,-0.029205553233624,-0.14851294457912,0.096201330423355,0.14033059775829,0.083510160446167,-0.0079139312729239,0.074006378650665,0.10299643874168,-0.10601935535669,-0.24291297793388,0.067282192409039,-0.077903777360916,0.024446312338114,0.15204602479935,0.070603087544441,-0.027842953801155,0.084070086479187,-0.03622891753912,0.18377396464348,-0.012203873135149,0.0014613372040913,0.068722769618034,0.073789790272713,0.080534838140011,0.033149048686028,0.13456805050373,0.0094583677127957
0.078716546297073,0.056963950395584,0.065194480121136,-0.0032190727069974,0.052486181259155,0.10318356752396,0.0045754266902804,0.031629644334316,-0.15560959279537,0.12411826848984,0.032556556165218,-0.026237417012453,0.15777298808098,-0.050493571907282,0.040698602795601,0.10239338874817,0.026445180177689,0.13623416423798,-0.084795258939266,0.089945882558823,0.21663980185986,-0.082144640386105,0.071806579828262,-0.065744735300541,0.0095698963850737,-0.030997645109892,-0.22651098668575,-0.10737825185061,0.024810725823045,0.097810871899128,-0.040909804403782,0.1062663719058,-0.01954679004848,0.076223976910114,0.099652618169785,-0.035365257412195,-0.0021455134265125,0.11703059822321,0.1555107831955,-0.16622740030289,-0.14133140444756,-0.051817111670971,0.064880959689617,-0.075199536979198,-0.029634626582265,-0.087051689624786,0.060054201632738,0.023041885346174,-0.13520856201649,0.047255028039217,0.11283256858587,0.0024406570009887,-0.086192771792412,0.082014948129654,0.032201290130615,-0.072987504303455,0.10495102405548,-0.1131871715188,-0.035438980907202,-0.12133843451738,0.039363496005535,-0.042639493942261,-0.0087315207347274,-0.09458315372467,0.075381942093372,-0.0009056389098987,-0.10409208387136,0.11346333473921,-0.10221687704325,-0.018048683181405,0.045574929565191,0.075124479830265,-0.077243909239769,-0.093806602060795,-0.11338856816292,0.0031369002535939,0.025267019867897,-0.032257847487926,0.121282979846,0.095658771693707,-0.015054672025144,-0.06733450293541,0.03184712678194,0.056307557970285,-0.02315186150372,-0.016182266175747,-0.0073289172723889,0.05866976082325,0.1851252913475,0.061006009578705,-0.040843281894922,-0.062232285737991,-0.044474314898252,0.1304746568203,-0.14735844731331,-0.045838806778193,-0.027670809999108,0.16693215072155,-0.14010268449783,0.0044444249942899,0.14474871754646,0.093258179724216,-0.075161077082157,0.076770156621933,0.096817813813686,0.04315173625946,0.016192531213164,0.055645313113928,0.18170641362667,-0.042603187263012,-0.16696330904961,0.0085190683603287,-0.11560173332691,0.047530192881823,0.13981907069683,0.056647334247828,-0.035273317247629,0.034875273704529,-0.100774936378,0.083466701209545,-0.031904723495245,-0.016049027442932,0.10223342478275,0.0079407766461372,0.087622806429863,0.007834660820663,0.16498930752277,-0.00085380900418386
0.085003055632114,-0.012668614275753,0.047815386205912,-0.01512174680829,0.039219856262207,0.065546967089176,-0.014126900583506,0.073530413210392,-0.1501701772213,0.06456159055233,0.031433951109648,-0.011922156438231,0.17943449318409,-0.022020054981112,-0.014953512698412,0.080467559397221,0.0065681985579431,0.13042482733727,-0.13294132053852,0.11047583818436,0.2377652823925,-0.099239766597748,0.097822599112988,-0.10235492885113,-0.035211067646742,-0.042295511811972,-0.19996616244316,-0.1212078332901,-0.066138096153736,0.076453097164631,-0.077431462705135,0.059029199182987,-0.0054555009119213,0.077829986810684,0.062685109674931,-0.034259494394064,-0.060400106012821,0.14344374835491,0.064972661435604,-0.14105786383152,-0.16608308255672,-0.01010593213141,0.020791906863451,-0.012796797789633,-0.035432059317827,-0.083627782762051,0.036616358906031,-0.017015075311065,-0.11782442778349,0.087974265217781,0.11111531406641,-0.060758151113987,-0.11940693855286,0.10119649767876,0.012195991352201,-0.088165991008282,0.083954446017742,-0.11066120862961,0.0025662425905466,-0.11551831662655,0.087025761604309,-0.047946382313967,-0.024823801591992,-0.025112420320511,0.084173791110516,-0.097157746553421,-0.10792986303568,0.15145744383335,-0.047386761754751,-0.014188952744007,0.083706580102444,0.038903586566448,-0.01464703772217,-0.14944373071194,-0.16805608570576,0.030274637043476,0.0010051383869722,-0.061202798038721,0.078438222408295,0.097524061799049,-0.040340360254049,-0.11374739557505,-0.0056661618873477,0.033658243715763,-0.09404318779707,0.014158665202558,0.024892341345549,0.033920098096132,0.16489791870117,0.030348084867001,-0.071849331259727,-0.10014633089304,-0.056894056499004,0.085006013512611,-0.15554182231426,-0.016888519749045,-0.042089570313692,0.12454003095627,-0.14733180403709,0.034249380230904,0.11664468050003,0.10916185379028,-0.062684282660484,0.066281452775002,0.11305514723063,-0.0064763333648443,-0.039957486093044,0.084835268557072,0.11861804127693,-0.068863533437252,-0.17048205435276,-0.011913618072867,-0.12963329255581,0.051812075078487,0.10700864344835,0.087704837322235,-0.025743773207068,0.029777739197016,-0.091270484030247,0.067146345973015,-0.085990719497204,0.013321883045137,0.073246151208878,0.029001578688622,0.13730265200138,-0.044808443635702,0.14071325957775,0.0058635515160859
0.034185990691185,0.12607942521572,0.16844065487385,0.012493024580181,0.010777175426483,0.11464670300484,-0.064221620559692,0.090570650994778,-0.068925373256207,0.082150124013424,0.060335464775562,-0.094134926795959,0.06082322075963,-0.060599964112043,0.12330266088247,0.033668927848339,0.04167403653264,0.11706314980984,-0.06090472266078,-0.0057661551982164,0.19699583947659,-0.041293207556009,0.05552627146244,-0.061974857002497,0.11731679737568,-0.064204514026642,-0.13971166312695,-0.039480328559875,0.070844501256943,-0.00035506801214069,0.072916053235531,0.025348160415888,0.027143511921167,0.072855077683926,0.092593915760517,-0.025795759633183,0.021427078172565,0.099025219678879,0.12584938108921,-0.13711795210838,-0.058125451207161,-0.051599740982056,0.016872406005859,-0.066329218447208,-0.028357028961182,-0.10123828053474,0.021556951105595,-0.024304561316967,-0.12801799178123,-0.015496387146413,0.082116588950157,0.12727157771587,-0.059936109930277,0.046797912567854,-0.02084381505847,-0.046056769788265,0.089496776461601,-0.17739404737949,-0.030579222366214,-0.1968606710434,-0.012263138778508,-0.097674690186977,-0.06606362760067,-0.074456080794334,0.02283838391304,0.068341597914696,-0.025568997487426,0.09584629535675,-0.062147255986929,0.089926034212112,0.042627725750208,0.056366875767708,-0.082899503409863,-0.11972459405661,-0.025585366412997,-0.059580072760582,-0.038251373916864,0.011176166124642,0.076612509787083,0.1133740991354,-0.096428543329239,0.014475650154054,0.098320551216602,0.049425132572651,0.078392870724201,-0.035930499434471,0.0047402218915522,0.10313737392426,0.1529555618763,0.060877107083797,-0.039605684578419,-0.044791869819164,-0.058565855026245,0.10367912054062,-0.12243836373091,-0.11912067234516,-0.019967097789049,0.14337293803692,-0.15504586696625,-0.040209993720055,0.070203430950642,0.0731510668993,-0.038806337863207,0.053381025791168,0.082009203732014,0.050341065973043,0.064418621361256,0.011320918798447,0.2229098379612,-0.10484148561954,-0.13298659026623,0.018856024369597,-0.15328821539879,0.041367515921593,0.18754303455353,-0.032717037945986,-0.077308692038059,-0.056770980358124,-0.0057040937244892,0.065533071756363,0.029620228335261,0.03148439899087,0.042149215936661,0.027748815715313,0.17135597765446,-0.034349590539932,0.27753630280495,0.054182797670364
0.083885595202446,0.070619538426399,0.086102016270161,0.00091920047998428,0.010860174894333,0.075818561017513,0.0032124335411936,0.075099892914295,-0.14386287331581,0.12330193072557,0.08880303800106,-0.039594702422619,0.15982057154179,-0.042434677481651,0.031321480870247,0.079171992838383,0.058084566146135,0.15007245540619,-0.10891862213612,0.071377851068974,0.21413977444172,-0.096972331404686,0.05745142698288,-0.065061539411545,0.012626039795578,-0.034001730382442,-0.18237906694412,-0.070786736905575,0.033453684300184,0.06961727887392,-0.044186122715473,0.086021080613136,0.012303438037634,0.092474408447742,0.062183827161789,-0.0634471103549,-0.013072880916297,0.14791804552078,0.13664394617081,-0.14775748550892,-0.13952814042568,-0.054139412939548,0.036017257720232,-0.058883674442768,-0.024712847545743,-0.12046514451504,0.03081283159554,-0.010587398894131,-0.15530905127525,0.026309693232179,0.11428213119507,0.033082623034716,-0.11664520204067,0.081872671842575,-0.014987622387707,-0.061141155660152,0.073079504072666,-0.12880009412766,-0.029517604038119,-0.124122351408,0.028071418404579,-0.088962502777576,-0.023485366255045,-0.07924896478653,0.050935570150614,0.020952356979251,-0.09193280339241,0.11030571907759,-0.102957226336,-0.013312047347426,0.046746078878641,0.024657728150487,-0.069014221429825,-0.10238841921091,-0.10341992229223,-0.025160916149616,0.030039176344872,-0.033052079379559,0.095237448811531,0.085144177079201,-0.068770796060562,-0.088991969823837,0.042807832360268,0.020687960088253,-0.019287573173642,-0.0053414613939822,0.0029315010178834,0.030210845172405,0.19696992635727,0.051904454827309,-0.062088835984468,-0.093841083347797,-0.054501928389072,0.1205837726593,-0.12519608438015,-0.063195541501045,-0.03145707398653,0.13053327798843,-0.14619459211826,0.00017044549167622,0.10415535420179,0.10216734558344,-0.062086328864098,0.10575392097235,0.11720359325409,0.043135248124599,0.032822620123625,0.065711230039597,0.19073475897312,-0.11205197870731,-0.17206561565399,0.012578223831952,-0.12703524529934,0.062710456550121,0.15955923497677,0.013333255425096,-0.042859509587288,0.009562230668962,-0.041738647967577,0.070748552680016,-0.04299633204937,-0.01220256369561,0.066819436848164,0.037350576370955,0.15204374492168,-0.023401230573654,0.19510558247566,-1.3784592738375e-05
0.067939892411232,0.014699463732541,0.17148448526859,-0.012455892749131,0.0051723131909966,0.12112899124622,-0.031560260802507,0.17411065101624,-0.1422027349472,0.096782796084881,0.051226273179054,-0.043340351432562,0.13442474603653,-0.069555848836899,0.097414910793304,0.055568274110556,0.035929426550865,0.10815554857254,-0.12261103838682,0.064494572579861,0.21410971879959,-0.07640565186739,0.069730333983898,-0.0046820850111544,0.0064841210842133,-0.075051598250866,-0.16709268093109,-0.090048149228096,-0.027423886582255,-0.020200975239277,0.01067928224802,-0.0136151118204,-0.0026773703284562,0.12440978735685,0.032178122550249,-0.0062247314490378,-0.060082722455263,0.082548439502716,0.015905749052763,-0.1125630736351,-0.10959923267365,-0.058111324906349,-0.0084430268034339,-0.03219248726964,0.0032738035079092,-0.11090055853128,0.018598753958941,-0.01819945499301,-0.17244666814804,0.076063074171543,0.13971610367298,-0.040427152067423,-0.14278729259968,0.040057145059109,0.004642459563911,-0.031534630805254,0.0082288105040789,-0.1035977974534,0.018158610910177,-0.11554553359747,0.03653147816658,-0.050015565007925,-0.087366357445717,-0.079869702458382,0.086037784814835,-0.044616226106882,-0.089654497802258,0.11191884428263,-0.10775113850832,0.065337955951691,0.048739388585091,0.049768783152103,-0.061861425638199,-0.13907563686371,-0.11847746372223,-0.012521387077868,0.026692230254412,0.031455017626286,0.1138471737504,0.097186371684074,-0.095678254961967,-0.13147900998592,0.030674891546369,0.0078807426616549,-0.048353806138039,-0.025830317288637,0.044330451637506,0.042929459363222,0.16234219074249,0.088786512613297,-0.063751630485058,-0.084382802248001,-0.069348394870758,0.11345440149307,-0.13375253975391,0.024021917954087,-0.020346796140075,0.068616099655628,-0.17904363572598,0.030243154615164,0.082463130354881,0.10250802338123,-0.10936519503593,0.01975404471159,0.10607577860355,0.031730208545923,-0.027231350541115,-0.007891895249486,0.13705065846443,-0.12793116271496,-0.17291729152203,0.035719636827707,-0.10792927443981,0.019258471205831,0.17966312170029,0.024072831496596,-0.017833346500993,-0.014681515283883,-0.060947176069021,0.11407867819071,-0.037338051944971,-0.002332538831979,0.043493542820215,0.062572076916695,0.18782156705856,-0.027432940900326,0.21464684605598,-0.01124154869467
0.05558817088604,0.084715984761715,0.059083372354507,-0.022143516689539,0.020180583000183,0.086951918900013,-0.015763329342008,0.054156169295311,-0.1231003254652,0.12906086444855,0.068920224905014,-0.031659111380577,0.17027500271797,-0.02357997559011,0.03740394115448,0.09779055416584,0.047243770211935,0.108652330935,-0.11265320330858,0.084892757236958,0.18886852264404,-0.10756421089172,0.066697008907795,-0.088800467550755,0.0049993707798421,-0.030764484778047,-0.18297435343266,-0.063772916793823,0.002266040770337,0.070613093674183,-0.031984012573957,0.087304353713989,0.027932550758123,0.081230103969574,0.054740268737078,-0.023737080395222,0.0099441157653928,0.14589458703995,0.13645212352276,-0.13961441814899,-0.1338270008564,-0.067695021629333,0.062533915042877,-0.092670083045959,-0.016933171078563,-0.084566339850426,0.036644462496042,0.00015573734708596,-0.15025362372398,0.038991186767817,0.1014097854495,0.016294335946441,-0.10946226865053,0.089587211608887,0.012058494612575,-0.055247262120247,0.059749525040388,-0.1325603723526,-0.041895814239979,-0.11178246885538,0.0068702585995197,-0.072316572070122,-0.026796825230122,-0.10936424136162,0.072218880057335,0.030750315636396,-0.10842705518007,0.15741296112537,-0.11138397455215,-0.025207173079252,0.06759612262249,0.034610543400049,-0.0830078125,-0.12799951434135,-0.058886215090752,0.031786266714334,0.034936152398586,-0.029566451907158,0.097215488553047,0.084534265100956,-0.06611630320549,-0.101313829422,0.049627162516117,0.069004602730274,-0.05690136924386,0.017991684377193,0.0018698837375268,0.045475862920284,0.19577951729298,0.062923975288868,-0.09082717448473,-0.11448802798986,-0.027742851525545,0.13934023678303,-0.1427935808897,-0.048491347581148,-0.034479785710573,0.13092176616192,-0.14698462188244,-0.0018676473991945,0.11224861443043,0.085356943309307,-0.085519708693027,0.092023350298405,0.10944741219282,0.061109762638807,0.00056533637689427,0.064048565924168,0.15131214261055,-0.10059443116188,-0.18823836743832,0.0050559090450406,-0.10856156051159,0.071632020175457,0.14115914702415,0.025450317189097,-0.06513025611639,0.040557328611612,-0.061545792967081,0.099905036389828,-0.028785292059183,-0.02433467656374,0.083291113376617,0.033404342830181,0.15163069963455,0.0029406612738967,0.17298446595669,0.0021102393511683
-0.034146532416344,0.22421719133854,0.099825665354729,-0.015263793990016,-0.060323402285576,0.077410943806171,0.04505217820406,-0.020442429929972,0.13591411709785,0.0083055887371302,0.064349211752415,-0.132563829422,-0.016092576086521,-0.039251308888197,0.031720526516438,-0.11359147727489,-0.1251608133316,0.12596902251244,-0.118801638484,-0.14266815781593,0.12155544757843,-0.014837682247162,-0.033344011753798,-0.056101866066456,0.1089234650135,-0.12901645898819,-0.09110115468502,0.049619857221842,0.1202829182148,0.071367345750332,0.095112942159176,-0.029359517619014,0.037450298666954,0.022733945399523,0.14468477666378,-0.095267176628113,-0.0071018445305526,0.087140388786793,0.033351887017488,-0.11801540106535,0.0014625461772084,-0.076554611325264,0.016797555610538,0.12223079055548,-0.038121033459902,-0.14295335114002,-0.055366761982441,0.034773275256157,-0.066479161381721,-0.058685526251793,-0.042649496346712,0.16194011271,0.015695512294769,-0.010957214049995,-0.050915330648422,0.044319696724415,-0.057113096117973,-0.03478530049324,-0.061168171465397,-0.22275575995445,-0.088895455002785,-0.096135199069977,0.085982032120228,0.045252185314894,-0.03755621984601,0.13799040019512,0.025649473071098,-0.067700304090977,-0.11129657179117,0.099928699433804,0.026749506592751,-0.070938773453236,0.005270651075989,-0.051353715360165,-0.028653364628553,-0.13134674727917,-0.075426034629345,-0.15799631178379,0.011503129266202,0.029513286426663,-0.033144317567348,0.048991862684488,0.048657350242138,0.0085628051310778,0.078299023211002,-0.077381327748299,-0.039955735206604,-0.010090567171574,0.14153635501862,0.12638232111931,0.053326729685068,-0.14877136051655,-0.035375744104385,-0.082176201045513,-0.033823780715466,-0.14747299253941,-0.093954689800739,0.081423573195934,-0.022091992199421,0.0025998058263212,0.087064884603024,0.098061211407185,0.06900791823864,-0.021438803523779,-0.0023285327479243,0.041868217289448,0.089657425880432,0.041337735950947,0.18765656650066,-0.069789379835129,0.066280499100685,0.0013630331959575,-0.19372025132179,0.068355016410351,0.10621462017298,-0.036301728338003,0.026492169126868,-0.0053851045668125,0.182163387537,0.0058677243068814,0.11058098822832,-0.044470705091953,-0.040331460535526,0.018981484696269,0.11232429742813,-0.057626657187939,0.22837579250336,0.063083454966545
-0.02144081518054,0.063346728682518,0.1527303904295,-0.080168053507805,-0.031192544847727,0.039729483425617,-0.016945639625192,0.090204186737537,0.059868562966585,0.070514418184757,0.031303733587265,-0.10862071067095,-0.0099210301414132,0.0071807778440416,0.18646742403507,-0.092703886330128,-0.089772462844849,-0.0039656129665673,0.00074238236993551,-0.024233791977167,0.020355943590403,0.0042897122912109,0.13101087510586,-0.052396446466446,0.019167184829712,-0.014661775901914,-0.0052709490992129,-0.024608323350549,0.078889340162277,-0.10256018489599,0.081826515495777,-0.095336385071278,0.10433303564787,0.039941169321537,0.098229423165321,0.013688952662051,0.034785598516464,0.24130520224571,-0.001099884044379,-0.080720312893391,-0.040165849030018,-0.052259862422943,-0.14865566790104,-0.028728323057294,-0.11134593188763,-0.00019824264745694,-0.075827121734619,0.054597117006779,-0.051253151148558,0.021325187757611,-0.11218080669641,0.18749356269836,0.035729616880417,0.020266247913241,0.018238920718431,-0.014333648607135,0.066674627363682,-0.068227581679821,-0.12656302750111,-0.13328775763512,-0.11601533740759,-0.097417637705803,0.049857888370752,-0.0021534392144531,0.021093688905239,0.12261617183685,-0.00060439773369581,0.12263944745064,-0.0438402146101,0.13218614459038,0.013538840226829,-0.0055409884080291,-0.08920968323946,0.00025258405366912,0.057436723262072,-0.090795181691647,-0.078527323901653,-0.063516646623611,0.13318184018135,0.055419329553843,-0.10875675827265,-0.025131808593869,0.024747177958488,-0.0080360257998109,0.10257690399885,-0.17740166187286,0.0040715858340263,0.14653408527374,0.16292907297611,0.092586815357208,0.1000546887517,-0.015266651287675,0.059791427105665,0.039275791496038,-0.03529479727149,-0.15568660199642,-0.018939796835184,0.08116876333952,0.010389774106443,-0.074330769479275,0.068784348666668,0.039548743516207,-0.054127283394337,-0.11064707487822,0.029302829876542,0.038882676512003,0.066461712121964,-0.1103468388319,0.27801737189293,-0.082044638693333,0.030513249337673,0.11948154866695,-0.071250595152378,0.017013849690557,0.18002893030643,0.033463764935732,0.015264058485627,-0.094443067908287,0.086387649178505,0.092003963887691,0.098732382059097,-0.032177519053221,-0.016142336651683,0.074456997215748,0.078623697161674,-0.0012876283144578,0.2660927772522,0.078379742801189
-0.0021739485673606,0.083779580891132,0.18366952240467,-0.094856403768063,-0.0045834644697607,0.055799312889576,-0.010967532172799,0.14625084400177,0.065067276358604,0.091179862618446,0.038810189813375,-0.13014377653599,-0.023124407976866,-0.039534702897072,0.20491150021553,-0.09443823993206,-0.031963270157576,0.034247022122145,-0.035022102296352,-0.064889281988144,0.03146731108427,0.064348317682743,0.09180424362421,-0.060290969908237,0.032176699489355,-0.068245440721512,-0.0019486718811095,0.029915582388639,0.1007162630558,-0.12060098350048,0.10525900870562,-0.12488155066967,0.063516467809677,0.052367117255926,0.11412939429283,-0.0044088731519878,0.042646832764149,0.16390512883663,0.005389497615397,-0.054289281368256,-0.019180761650205,-0.023691998794675,-0.13979095220566,-0.0054140752181411,-0.093647688627243,-0.021525822579861,-0.11389154940844,0.07358717918396,-0.032131232321262,0.026154803112149,-0.062022652477026,0.21274380385876,-0.046448260545731,-0.0043907454237342,-0.040998235344887,-0.039993494749069,0.041534692049026,-0.11162954568863,-0.12178031355143,-0.11337533593178,-0.096591472625732,-0.12023624777794,-0.0066735721193254,0.0040067918598652,0.0027505496982485,0.034133728593588,0.013734005391598,0.11506646871567,-0.028537919744849,0.16484135389328,0.048555508255959,0.020641451701522,-0.063385017216206,-0.022133331745863,-0.0048927189782262,-0.10211753845215,-0.077791549265385,0.010312623344362,0.11585358530283,0.029558213427663,-0.094290360808372,0.0020282389596105,0.065094083547592,0.031530469655991,0.13295039534569,-0.16990825533867,0.015671951696277,0.14244492352009,0.15297004580498,0.094355873763561,0.079013645648956,-0.0075238063000143,0.0089640645310283,0.040154378861189,-0.023381913080812,-0.16150975227356,-0.015145648270845,0.03892583027482,-0.073480427265167,-0.055819716304541,0.055913560092449,0.060003828257322,-0.049042776226997,-0.089908264577389,0.056390002369881,-0.00050135451601818,0.070892073214054,-0.11626947671175,0.28768780827522,-0.054416101425886,0.017401048913598,0.085150480270386,-0.087722346186638,0.075954005122185,0.16978757083416,-0.0091541539877653,0.024027999490499,-0.096449136734009,0.060701835900545,0.066886872053146,0.08991726487875,0.0086487242951989,-0.011507691815495,0.099108256399632,0.11948748677969,-0.075238265097141,0.25324249267578,0.056803733110428
0.00072131835622713,0.076022930443287,0.19584909081459,-0.085580311715603,-0.011561471037567,0.044431291520596,-0.01860941760242,0.14751008152962,0.0499064065516,0.06492917984724,0.033422894775867,-0.12389864772558,-0.030665902420878,-0.027933452278376,0.21981178224087,-0.086473070085049,-0.026984300464392,-0.014345481991768,-0.018088474869728,-0.044800784438848,0.012138127349317,0.058711126446724,0.11109665036201,-0.044229004532099,0.039104606956244,-0.056070242077112,0.011983917094767,0.026762569323182,0.10129401087761,-0.1415382027626,0.11294122040272,-0.1159570813179,0.074170626699924,0.066547177731991,0.085609793663025,0.0058583091013134,0.055925782769918,0.1873451769352,0.0089935213327408,-0.042118713259697,-0.012299261987209,-0.032230723649263,-0.14040948450565,-0.036820415407419,-0.090295426547527,-5.9131389207323e-06,-0.10110668092966,0.056344110518694,-0.039151806384325,0.042035013437271,-0.079214513301849,0.21263398230076,-0.027432439848781,0.0016757250996307,-0.030279692262411,-0.044557020068169,0.049077577888966,-0.094218328595161,-0.12599515914917,-0.096984922885895,-0.11096980422735,-0.10821730643511,-0.012607047334313,-0.014986137859523,0.0041210660710931,0.059978142380714,0.016582991927862,0.11012410372496,-0.03835067525506,0.15601871907711,0.023318879306316,0.017522489652038,-0.086516119539738,0.012553936801851,0.040784351527691,-0.10606899112463,-0.054780285805464,0.007998158223927,0.12137326598167,0.05408201739192,-0.10365108400583,-0.018337342888117,0.063625387847424,0.017923314124346,0.13728961348534,-0.1706206202507,0.0074265012517571,0.14085412025452,0.13019014894962,0.087688490748405,0.096690826117992,-0.0013866330264136,0.021036364138126,0.055631898343563,-0.012736646458507,-0.14740616083145,-0.0022710452321917,0.042492616921663,-0.054862547665834,-0.068419955670834,0.026920031756163,0.040159940719604,-0.063230663537979,-0.067849934101105,0.046142216771841,0.012535160407424,0.070227816700935,-0.1072511151433,0.29114493727684,-0.07972414046526,0.012128821574152,0.10924940556288,-0.079358950257301,0.072661459445953,0.17043413221836,-0.0093365032225847,0.028769815340638,-0.10114835202694,0.069227628409863,0.097173847258091,0.089767754077911,0.019557040184736,-0.016333175823092,0.10559803247452,0.1069006100297,-0.064922228455544,0.25775361061096,0.053385075181723
-0.026555858552456,0.19705240428448,0.19217711687088,-0.064710192382336,-0.012734205462039,0.078024975955486,0.034444063901901,0.053292941302061,0.032762609422207,0.055076144635677,0.052443206310272,-0.093776643276215,-0.043279428035021,-0.072065822780132,0.1153706908226,-0.096161894500256,-0.11654476076365,0.09953623265028,-0.072865970432758,-0.11930318176746,0.08452146500349,0.042712278664112,0.024802580475807,-0.08210351318121,0.10647536069155,-0.10001203417778,-0.031260188668966,0.08788013458252,0.13218814134598,-0.0097409943118691,0.054522395133972,-0.12688866257668,0.047036215662956,0.047504588961601,0.14264789223671,-0.11541747301817,0.0092311529442668,0.086285963654518,0.066970646381378,-0.084573030471802,0.0051503167487681,-0.066472977399826,0.02677770704031,0.058760672807693,-0.099153973162174,-0.12037769705057,-0.053508035838604,0.00928002782166,-0.099664524197578,0.0099777951836586,-0.022450070828199,0.15610797703266,-0.057810146361589,0.026218244805932,-0.046407960355282,0.001365163596347,-0.025395516306162,-0.046122491359711,-0.15141536295414,-0.14715018868446,-0.085747860372066,-0.11613676697016,0.069613099098206,0.020156446844339,0.028353491798043,0.13145363330841,-0.032226122915745,-0.025291932746768,-0.14448367059231,0.11835376173258,0.042551953345537,0.0037184145767242,-0.015468815341592,-0.0013520321808755,0.0056998366490006,-0.098049610853195,-0.04840586706996,-0.12035678327084,0.082605585455894,0.010408931411803,-0.056186083704233,-0.0032334364950657,0.11580742895603,0.067035242915154,0.079516775906086,-0.13570933043957,-0.018836265429854,0.072703719139099,0.16394083201885,0.13372549414635,0.057766959071159,-0.11124114692211,-0.041257422417402,0.010674501769245,-0.028391629457474,-0.17015580832958,-0.07240055501461,0.089614771306515,-0.051532775163651,-0.0057405070401728,0.03413163870573,0.079486235976219,0.009962790645659,-0.042385704815388,0.044132899492979,0.065497241914272,0.1107110157609,0.010922906920314,0.22571888566017,-0.10341659188271,0.065648011863232,0.027227040380239,-0.11524156481028,0.12105979770422,0.14350838959217,-0.04640268906951,0.039004039019346,0.040372241288424,0.13161440193653,0.054869759827852,0.10369758307934,-0.049934308975935,-0.036433827131987,0.010944133624434,0.14461314678192,-0.032829377800226,0.26921588182449,0.049293681979179
0.0073923482559621,0.095794215798378,0.17727293074131,-0.092659950256348,-0.023997409269214,-0.004823939409107,0.020957011729479,0.098069898784161,0.068707317113876,0.042925603687763,0.057162258774042,-0.12610353529453,-0.023887479677796,0.049653168767691,0.19658459722996,-0.096192665398121,-0.03314746171236,-0.0029787432868034,-0.041160650551319,-0.071345634758472,-0.0034060752950609,0.088273018598557,0.1047311425209,-0.084500260651112,0.023972747847438,-0.046528127044439,0.020409027114511,0.076201751828194,0.117148026824,-0.095857501029968,0.066464520990849,-0.09538509696722,0.092122562229633,0.039549261331558,0.085976772010326,-0.021661713719368,0.050820410251617,0.24163596332073,0.010262047871947,-0.013279226608574,-0.027367759495974,0.0090480279177427,-0.13229763507843,-0.012896075844765,-0.11831557750702,0.018760092556477,-0.12492832541466,0.02749714627862,-0.015467314049602,0.014490246772766,-0.086813509464264,0.24112372100353,-0.042318928986788,0.030825955793262,-0.042102493345737,-0.0429079644382,0.043483790010214,-0.055014081299305,-0.12903083860874,-0.073134765028954,-0.1290424913168,-0.13976034522057,0.013929408974946,0.02260902710259,-0.0028881470207125,0.078147575259209,0.020907942205667,0.10497955977917,-0.035408910363913,0.15156301856041,0.068099603056908,-0.01095284614712,-0.03581865131855,0.031128464266658,0.051353797316551,-0.10248191654682,-0.07354312390089,-0.069452971220016,0.08247297257185,0.011276968754828,-0.065118901431561,-0.016173141077161,0.06314380466938,0.010485176928341,0.12401087582111,-0.17753984034061,0.0058920062147081,0.092512629926205,0.10992178320885,0.081263884902,0.083695434033871,-0.04710952937603,0.022776341065764,0.0078070377930999,0.013203265145421,-0.17256632447243,-0.012442336417735,0.041135650128126,-0.0058997478336096,-0.044295825064182,0.0019403769401833,0.071898579597473,-0.0041543389670551,-0.042162016034126,0.013663263991475,0.004083018284291,0.070499621331692,-0.072127997875214,0.31372705101967,-0.11773540824652,0.047990500926971,0.081280782818794,-0.10195959359407,0.10276465117931,0.14925420284271,-0.00043043823097833,0.054464008659124,-0.082069031894207,0.093594960868359,0.06694832444191,0.091816760599613,0.0088714044541121,-0.034364011138678,0.10160327702761,0.12644529342651,-0.073332391679287,0.25138983130455,0.069227799773216
-0.045772083103657,0.062564380466938,0.17700117826462,-0.091388612985611,-0.038515564054251,0.0075674033723772,-0.012915157712996,0.12998054921627,0.078150801360607,0.061582766473293,0.026024477556348,-0.11303060501814,-0.027253981679678,0.013062463141978,0.20131473243237,-0.094237945973873,-0.060132119804621,-0.0062520666979253,0.015268537215889,-0.069737233221531,0.019273148849607,0.033139310777187,0.11396640539169,-0.04925499483943,0.040057435631752,-0.0050888792611659,0.041415676474571,-0.0050520547665656,0.10806096345186,-0.11201171576977,0.099311128258705,-0.10629530996084,0.13331408798695,0.041700795292854,0.086792878806591,-0.018397672101855,0.057728786021471,0.24552445113659,-0.0073922383598983,-0.052397705614567,-0.005864140111953,-0.034864794462919,-0.12206550687551,0.00029608470504172,-0.10827654600143,-0.019184423610568,-0.079874031245708,0.0095588965341449,-0.03340545296669,-0.022866738960147,-0.10371477901936,0.17343075573444,0.027422165498137,0.016374006867409,-0.0039493325166404,0.0090077398344874,0.064079463481903,-0.062718853354454,-0.11952365934849,-0.13115067780018,-0.12378835678101,-0.14867599308491,0.016152070835233,0.016730140894651,0.030518315732479,0.10854386538267,0.0056767244823277,0.084378302097321,-0.025049621239305,0.1327893435955,0.0037167323753238,-0.019634529948235,-0.092727437615395,-0.0056809782981873,0.073749624192715,-0.099200941622257,-0.081608608365059,-0.031488601118326,0.10177581757307,0.023753441870213,-0.13112989068031,-0.0054763345979154,0.060791678726673,0.014601352624595,0.12521129846573,-0.18964627385139,0.029812134802341,0.14284901320934,0.1368470042944,0.064915455877781,0.074436977505684,-0.014519446529448,0.032407749444246,0.0098870508372784,0.0020659966394305,-0.13955503702164,-0.015422081574798,0.082754418253899,0.00027793148183264,-0.056868955492973,0.015002155676484,0.027257103472948,-0.024781845510006,-0.069224432110786,0.023795876652002,0.0054819700308144,0.064844198524952,-0.11533639580011,0.27815264463425,-0.12797389924526,0.01628945581615,0.097736224532127,-0.096175983548164,0.026625825092196,0.18023599684238,0.009825561195612,0.0367974601686,-0.13219001889229,0.094952136278152,0.083641819655895,0.11693059653044,0.0032157292589545,-0.041114836931229,0.069614879786968,0.085784040391445,-0.03126198425889,0.24734090268612,0.090360030531883
-0.0054108635522425,0.071984052658081,0.17759093642235,-0.095902733504772,-0.0070607410743833,0.02099584788084,-0.00084606907330453,0.12909069657326,0.043547779321671,0.058639567345381,0.023069154471159,-0.12303017824888,-0.017895681783557,0.02426347322762,0.21236671507359,-0.10632605850697,-0.025763953104615,-0.0011043918784708,-0.012432291172445,-0.044995099306107,0.0074165463447571,0.050049472600222,0.12771752476692,-0.083588689565659,0.026988653466105,-0.055917397141457,-0.0035983459092677,0.033157784491777,0.085118323564529,-0.12127742916346,0.089229062199593,-0.1184049770236,0.096786148846149,0.04379765689373,0.10376591235399,0.0030750061850995,0.050609115511179,0.22268116474152,-0.014550826512277,-0.056752976030111,-0.024860847741365,-0.00077910348773003,-0.13156495988369,-0.01694200001657,-0.12614198029041,0.028062796220183,-0.10564132779837,0.047833457589149,-0.030393473803997,0.034043721854687,-0.091662257909775,0.2053514122963,-0.025171857327223,0.015683801844716,-0.018085595220327,-0.042064737528563,0.051431957632303,-0.083075843751431,-0.11762437224388,-0.097753085196018,-0.10924576967955,-0.10915359854698,-0.0086897946894169,-0.0007465478265658,0.030148316174746,0.058403667062521,0.0027023302391171,0.12321452796459,-0.035969384014606,0.15630558133125,0.061246212571859,0.0070151309482753,-0.057350788265467,-0.0064164684154093,0.028197480365634,-0.080938160419464,-0.076825119554996,-0.030602801591158,0.12157461792231,0.023198081180453,-0.11287841200829,-0.027021076530218,0.051070332527161,0.024385418742895,0.12073980271816,-0.18365374207497,0.0079025784507394,0.13290512561798,0.13589511811733,0.085510432720184,0.083169743418694,-0.017518475651741,0.035089213401079,0.010218154639006,-0.0098266350105405,-0.17016111314297,0.0011060561519116,0.06500355899334,-0.045081105083227,-0.05946422368288,0.024772392585874,0.071083895862103,-0.028154907748103,-0.084074385464191,0.025208681821823,0.0065429359674454,0.064411856234074,-0.0951257199049,0.30047827959061,-0.084244057536125,0.025183891877532,0.080696202814579,-0.090044014155865,0.072930715978146,0.15609404444695,0.0039808875881135,0.041584201157093,-0.10478542745113,0.070139102637768,0.089695237576962,0.081684418022633,0.0091102048754692,-0.031770769506693,0.10299961268902,0.11805251985788,-0.06830695271492,0.26002091169357,0.068638041615486
-0.029765725135803,0.20927900075912,0.10995664447546,0.0033217715099454,0.0085741691291332,0.046655807644129,0.009302169084549,-0.079209841787815,0.081075549125671,-0.038764543831348,0.058376181870699,-0.11430590599775,0.046564765274525,0.066439040005207,0.064381450414658,-0.054850399494171,-0.0071856779977679,0.13978917896748,-0.12063618004322,-0.075746737420559,0.15628632903099,0.003082272130996,0.045607563108206,0.038499120622873,0.13501991331577,-0.14687916636467,-0.11397925019264,0.046610902994871,0.18236097693443,0.12411691993475,0.12729702889919,0.023394415155053,0.084646485745907,0.0034052361734211,0.10665709525347,-0.062356006354094,-0.0054563898593187,0.13906981050968,0.0060779275372624,-0.11071811616421,-0.0015135086141527,0.0080210315063596,0.038965061306953,0.099829383194447,-0.092584207653999,-0.10571105778217,0.0025575985200703,0.021023551002145,-0.033737361431122,-0.086743742227554,-0.025114180520177,0.13410483300686,0.054086294025183,-0.031772181391716,-0.03957674652338,0.043186232447624,-0.005663275718689,0.033435564488173,0.0077780550345778,-0.22148495912552,-0.14292493462563,-0.052604507654905,0.04080493375659,0.021018862724304,-0.029633443802595,0.14293609559536,0.019492514431477,-0.06090109795332,-0.15352886915207,0.072803013026714,0.047157559543848,-0.061034828424454,-0.0047331317327917,-0.085109688341618,0.027946205809712,-0.084412306547165,-0.087298668920994,-0.14361134171486,0.0042254030704498,0.053387425839901,0.0018451317446306,0.072307176887989,0.055372249335051,0.0063160504214466,0.11750984936953,-0.062441200017929,-0.050651907920837,-0.018214600160718,0.03419279307127,0.091795280575752,0.032622653990984,-0.11797378957272,-0.036946747452021,-0.072340354323387,-0.0095726530998945,-0.15793108940125,-0.12425084412098,0.18390400707722,-0.036159515380859,-0.027940565720201,0.067383505403996,0.096060931682587,0.11583539843559,0.064550548791885,-0.081512607634068,0.053975578397512,0.061349116265774,0.036753673106432,0.28403493762016,-0.12517990171909,0.047419857233763,0.016646323725581,-0.21144951879978,0.096495993435383,0.055980145931244,-0.0006401581922546,-0.026721073314548,-0.024750722572207,0.086707979440689,0.084027945995331,0.076038703322411,-0.01756264641881,-0.112244784832,-0.0036702444776893,0.027824699878693,-0.00197545113042,0.16167105734348,0.073577165603638
-0.041343703866005,0.19124683737755,0.10746365785599,-0.00077487283851951,-0.025651646777987,0.048202138394117,0.0015469654463232,-0.083855971693993,0.11792058497667,-0.02485153824091,0.055779926478863,-0.13456749916077,0.035745400935411,0.04803378880024,0.027582287788391,-0.06348555535078,-0.055359773337841,0.16337467730045,-0.13458974659443,-0.096783563494682,0.16409181058407,-0.021429121494293,0.04281247407198,-0.0052054966799915,0.10457602888346,-0.13844311237335,-0.14049589633942,0.026639733463526,0.14877822995186,0.10316611081362,0.1272985637188,0.021365016698837,0.06773865967989,-0.0091931149363518,0.13875584304333,-0.060464050620794,-0.025248911231756,0.15514805912971,0.024994872510433,-0.12269036471844,-0.038326516747475,-0.0010848235106096,-0.011905471794307,0.084669940173626,-0.053090218454599,-0.12819029390812,-0.035755626857281,0.038960263133049,-0.031644240021706,-0.083349816501141,-0.054142542183399,0.14816600084305,0.07480850815773,-0.024484891444445,-0.069126389920712,0.034180641174316,0.026158548891544,-0.0081303948536515,-0.011477058753371,-0.23978942632675,-0.10962160676718,-0.034068495035172,0.05513671785593,0.045843902975321,-0.043033562600613,0.14203272759914,0.027488408610225,-0.032121255993843,-0.12801010906696,0.085891932249069,0.053058743476868,-0.079613223671913,0.0042766304686666,-0.086580999195576,-0.019144603982568,-0.1073117479682,-0.1080517321825,-0.18276178836823,0.0099210077896714,0.048366326838732,-0.011627078056335,0.073950037360191,0.02901017665863,-0.0048519358970225,0.09538347274065,-0.066605813801289,-0.058231145143509,-0.01266507897526,0.069847695529461,0.084122486412525,0.043078195303679,-0.11209516972303,0.0027521809097379,-0.069036819040775,-0.016495484858751,-0.15283384919167,-0.13053652644157,0.16951638460159,-0.047278881072998,-0.00501614715904,0.11847531795502,0.090666830539703,0.078583106398582,0.024776857346296,-0.012284962460399,0.04000723734498,0.088568776845932,0.0066962675191462,0.27173638343811,-0.088988900184631,0.033564139157534,0.0086493082344532,-0.19773709774017,0.081696964800358,0.072492249310017,0.02029331214726,-0.028570223599672,-0.0085306139662862,0.10920336842537,0.039357360452414,0.066581070423126,-0.034532144665718,-0.092285357415676,-0.016450574621558,0.038303308188915,-0.0089097479358315,0.1707452237606,0.080664120614529
-0.038605857640505,0.23458866775036,0.079407088458538,-0.0074568488635123,-0.013496978208423,0.04055867344141,0.02496812492609,-0.10228183865547,0.12176971137524,-0.053783621639013,0.035767260938883,-0.11702827364206,0.0029299608431756,0.013639629818499,0.0018935933476314,-0.07509533315897,-0.089202083647251,0.1293298304081,-0.11928113549948,-0.099913343787193,0.14545223116875,0.0033652479760349,0.019022552296519,-0.045733343809843,0.10528632998466,-0.13570819795132,-0.13107846677303,0.030677264556289,0.16488270461559,0.13500788807869,0.095902390778065,0.023713896051049,0.075145184993744,-0.020643509924412,0.14309586584568,-0.088884495198727,-0.00080887885997072,0.126236140728,0.035283349454403,-0.11785217374563,-0.013961344026029,-0.019309941679239,0.026412006467581,0.10484127700329,-0.064488954842091,-0.066013820469379,-0.0048722289502621,0.01500952616334,-0.058651491999626,-0.077290594577789,-0.075368106365204,0.17760120332241,0.078075386583805,-0.011721676215529,-0.054990772157907,0.029483197256923,0.018878361210227,-0.012590478174388,-0.044547837227583,-0.21640831232071,-0.099978402256966,-0.039713118225336,0.083864808082581,0.054910276085138,-0.041717868298292,0.11760856956244,0.022803623229265,-0.062757156789303,-0.1160046979785,0.074580810964108,0.050857614725828,-0.09154174476862,-0.00022482089116238,-0.063281290233135,0.0010575288906693,-0.081523112952709,-0.1092060059309,-0.1832569539547,-0.0087849143892527,0.04417809844017,-0.0048475568182766,0.095040634274483,0.028123561292887,0.03547040745616,0.10948215425014,-0.050101511180401,-0.073192104697227,-0.026541031897068,0.052576292306185,0.099518224596977,0.059079792350531,-0.12554633617401,-0.037898603826761,-0.079097718000412,-0.014824256300926,-0.16561023890972,-0.10934237390757,0.16779606044292,-0.01840222068131,-0.014321990311146,0.094518788158894,0.090731121599674,0.098803706467152,0.030852722004056,-0.058972645550966,0.042573686689138,0.09322614222765,0.076076075434685,0.23964065313339,-0.073540315032005,0.077501751482487,-0.023390408605337,-0.21849697828293,0.071724385023117,0.049271564930677,0.0068094292655587,-0.023915737867355,-0.017334984615445,0.13743421435356,0.040012124925852,0.080096945166588,-0.012562369927764,-0.082259453833103,-0.015636531636119,0.04593351483345,-0.020696194842458,0.1833892762661,0.069298900663853
-0.027347538620234,0.16773630678654,0.095699779689312,-0.022804103791714,0.0056048575788736,0.027971755713224,-0.0117282923311,-0.09111775457859,0.069694355130196,-0.084416314959526,0.081057779490948,-0.12376553565264,0.068220347166061,0.08786266297102,0.098891749978065,-0.019180586561561,-0.027517516165972,0.020613554865122,-0.11125835031271,-0.065920241177082,0.11911524832249,0.018246682360768,0.087107643485069,-0.012217181734741,0.13830509781837,-0.090908586978912,-0.062262244522572,0.029694540426135,0.17529360949993,0.074561260640621,0.16626513004303,0.0037135882303119,0.090234220027924,-0.019925279542804,0.070016302168369,-0.034627366811037,-0.014939796179533,0.19401143491268,0.035617031157017,-0.054126039147377,0.014483303762972,0.012950265780091,-0.013685785233974,0.097481429576874,-0.10100921988487,-0.047931373119354,-0.021955469623208,0.0096834367141128,-0.02045065164566,-0.12031236290932,-0.097937300801277,0.12103237211704,0.079085513949394,-0.038035172969103,-0.088423050940037,0.015370937995613,-0.011276091448963,0.077250547707081,-0.013212637044489,-0.16810971498489,-0.18240946531296,-0.066349036991596,0.057488869875669,0.038955733180046,-0.019421366974711,0.17272424697876,0.035386819392443,0.010145863518119,-0.099335916340351,0.0089201414957643,0.053896248340607,-0.053196851164103,-0.01244848407805,-0.099297866225243,0.099068179726601,-0.075806960463524,-0.1176815032959,-0.17920765280724,-0.011544959619641,0.15621967613697,0.026599464938045,-0.0095235770568252,0.06065808981657,0.0038666049949825,0.069979555904865,-0.059148509055376,-0.014722558669746,-0.025514291599393,-0.044485215097666,0.024319309741259,0.041214063763618,-0.098491311073303,-0.021103974431753,-0.03193624317646,-0.035543814301491,-0.16581092774868,-0.11466018855572,0.16263501346111,-0.0064561399631202,-0.042912010103464,0.0035817807074636,0.05015305057168,0.093959182500839,0.074772998690605,-0.091357558965683,0.053794793784618,0.061929330229759,0.091282911598682,0.31078943610191,-0.16710522770882,0.058075278997421,0.034901935607195,-0.21218082308769,0.10889193415642,0.052573878318071,0.03989290818572,-0.10868400335312,0.023381359875202,0.067670807242393,0.10256856679916,0.053472880274057,-0.025451745837927,-0.14687366783619,0.023228891193867,0.028794622048736,0.0035060564987361,0.10496533662081,0.096862755715847
-0.02874001301825,0.17837551236153,0.13031797111034,-0.015306625515223,-0.0048299278132617,0.026080807670951,-0.015394131653011,-0.073062852025032,0.072562284767628,-0.089757934212685,0.077581390738487,-0.11888832598925,0.047780863940716,0.051869701594114,0.090126290917397,-0.037675093859434,-0.036314733326435,0.041749611496925,-0.11761823296547,-0.067091912031174,0.12145502865314,0.034035060554743,0.07426356524229,-0.0020138651598245,0.13278061151505,-0.097032926976681,-0.065926887094975,0.035137869417667,0.1800666898489,0.064398914575577,0.16135872900486,-0.0090730581432581,0.087777718901634,-0.0083191161975265,0.080950185656548,-0.056828204542398,-0.0061966395005584,0.18343506753445,0.039433687925339,-0.049517583101988,0.024075381457806,0.0062552103772759,-0.014851471409202,0.093641892075539,-0.098509773612022,-0.069463714957237,-0.019123593345284,-0.0019547299016267,-0.024396348744631,-0.10079189389944,-0.087191335856915,0.13866543769836,0.073143891990185,-0.025828285142779,-0.093255214393139,0.007838205434382,0.0023477771319449,0.048042889684439,-0.022477962076664,-0.17853447794914,-0.17201516032219,-0.069263197481632,0.043037690222263,0.050319992005825,-0.0378657579422,0.15030141174793,0.050977192819118,-0.025411695241928,-0.1036781296134,0.018600855022669,0.04654174298048,-0.064933925867081,-0.0064292568713427,-0.070898324251175,0.093007378280163,-0.094481132924557,-0.1231132671237,-0.16979061067104,-0.0035030324943364,0.15666829049587,0.015234617516398,0.012170528061688,0.075555771589279,0.013677412644029,0.09876561164856,-0.059994131326675,-0.016467109322548,-0.016990065574646,-0.035303492099047,0.030391344800591,0.045106951147318,-0.095965258777142,-0.021641749888659,-0.031358368694782,-0.03727775812149,-0.17639562487602,-0.1149218082428,0.16091011464596,-0.023360000923276,-0.046512059867382,0.0025621131062508,0.060609839856625,0.091065660119057,0.084670275449753,-0.066772401332855,0.046150900423527,0.083725363016129,0.089518778026104,0.31065499782562,-0.15842625498772,0.056895986199379,0.028502507135272,-0.22069855034351,0.11475624144077,0.045289274305105,0.023879552260041,-0.090231232345104,0.0049662422388792,0.078124634921551,0.088949605822563,0.059098057448864,-0.0085384668782353,-0.14949391782284,0.012102118693292,0.040428154170513,-0.010805171914399,0.12882633507252,0.096669584512711
-0.017505399882793,0.1592905819416,0.11064202338457,-0.014792619273067,-0.0045151566155255,0.075379140675068,-0.020372420549393,-0.08332459628582,0.079478278756142,-0.061059795320034,0.089877009391785,-0.12273259460926,0.062630817294121,0.072075821459293,0.086241021752357,-0.011899133212864,-0.042802084237337,0.097881734371185,-0.12464063614607,-0.093122601509094,0.16911402344704,0.020116908475757,0.064567573368549,0.020252665504813,0.13835009932518,-0.099848091602325,-0.075150720775127,0.019848760217428,0.16499753296375,0.097462818026543,0.15648286044598,0.027459416538477,0.079638466238976,0.014696067199111,0.097061388194561,-0.031930230557919,-0.022225640714169,0.14091916382313,0.046020068228245,-0.098225295543671,-0.0038212889339775,-0.019444551318884,0.0091796731576324,0.10376635938883,-0.07292889803648,-0.12046444416046,-0.017719309777021,0.025079606100917,-0.044050332158804,-0.10617522150278,-0.055327508598566,0.10460385680199,0.077031910419464,-0.027782429009676,-0.067101560533047,0.044184304773808,-0.0066451095044613,0.056703571230173,-0.014973937533796,-0.20622697472572,-0.16172544658184,-0.059103038161993,0.06957108527422,0.029840312898159,-0.02833529561758,0.18588554859161,0.016246274113655,-0.0098592629656196,-0.12664684653282,0.061698853969574,0.024809656664729,-0.065974853932858,-0.027486741542816,-0.12065947055817,0.045993231236935,-0.10772152990103,-0.092387676239014,-0.18500231206417,-0.013966481201351,0.11671632528305,0.039650857448578,0.026942059397697,0.061057589948177,-0.023001782596111,0.063532702624798,-0.057350497692823,-0.024506811052561,-0.026017513126135,-0.0018728086724877,0.088597625494003,0.061147835105658,-0.11755938827991,-0.053272850811481,-0.019467255100608,-0.034053117036819,-0.117729999125,-0.14972777664661,0.17536620795727,-0.020282162353396,-0.019689410924911,0.069897994399071,0.05944237485528,0.076833441853523,0.050898563116789,-0.042329628020525,0.060304328799248,0.057358417659998,0.035636883229017,0.27829942107201,-0.15892790257931,0.037089478224516,0.037301320582628,-0.20421822369099,0.088810965418816,0.095427997410297,0.029098886996508,-0.061481550335884,0.012368317693472,0.089314073324203,0.095779731869698,0.094771020114422,-0.054873734712601,-0.095673590898514,-0.0017758125904948,0.032181110233068,0.010674019344151,0.16265586018562,0.094909071922302
-0.03028367087245,0.16558784246445,0.10449167340994,-0.024138167500496,0.0086162639781833,0.025632807984948,-0.018712736666203,-0.086859554052353,0.082682065665722,-0.097369007766247,0.07148951292038,-0.11121562868357,0.04837441816926,0.067235745489597,0.070029065012932,-0.03683790192008,-0.044543333351612,0.059413902461529,-0.11076913028955,-0.0637266933918,0.13567659258842,0.031743988394737,0.089526131749153,-0.013398668728769,0.12562017142773,-0.094010695815086,-0.057743672281504,0.024692542850971,0.17370073497295,0.080719500780106,0.151531457901,-0.012363344430923,0.10607220977545,-0.019367275759578,0.094598278403282,-0.052628017961979,-0.0089137656614184,0.18479387462139,0.026750946417451,-0.070366039872169,0.012577788904309,0.015274479985237,-0.0064594401046634,0.11914676427841,-0.11852410435677,-0.068255074322224,-0.010905793868005,0.0019299702253193,-0.01906655728817,-0.094310507178307,-0.097297981381416,0.12581893801689,0.07862450927496,-0.020222770050168,-0.07746709138155,0.013854938559234,0.012917973101139,0.052765518426895,-0.024455368518829,-0.18965765833855,-0.16566441953182,-0.070384122431278,0.068833038210869,0.057825215160847,-0.024852819740772,0.13801512122154,0.032411359250546,-0.01952794380486,-0.094758376479149,0.035907741636038,0.049455050379038,-0.070436395704746,-0.0040305224247277,-0.091532289981842,0.075080595910549,-0.08745863288641,-0.12688191235065,-0.17434094846249,-0.011326796375215,0.12921991944313,0.016716971993446,0.027808990329504,0.063413053750992,0.018525881692767,0.094308629631996,-0.0650280341506,-0.023593319579959,-0.0082074282690883,-0.025200819596648,0.041119389235973,0.052987735718489,-0.10089980810881,-0.034994170069695,-0.047944851219654,-0.024794057011604,-0.17715300619602,-0.126484811306,0.18813832104206,-0.017995974048972,-0.04373462498188,0.018766511231661,0.06241612508893,0.10475209355354,0.061625566333532,-0.072249285876751,0.04369343817234,0.077452778816223,0.079865641891956,0.30529788136482,-0.15333612263203,0.061686482280493,0.020942961797118,-0.21326096355915,0.11043238639832,0.045125316828489,0.032358095049858,-0.074741929769516,-0.0043261535465717,0.078712694346905,0.090906105935574,0.065220482647419,-0.01280689239502,-0.1413488984108,0.0033245033118874,0.025435492396355,-0.0091611165553331,0.13570062816143,0.10719595849514
-0.012736621312797,0.15546119213104,0.096722826361656,0.010189202614129,-0.0003067908983212,0.060276716947556,-0.020054636523128,-0.084319658577442,0.097692087292671,-0.047391533851624,0.099999286234379,-0.11157462745905,0.071820259094238,0.072845369577408,0.078327208757401,-0.0072863074019551,0.0015835650265217,0.11272940039635,-0.12690922617912,-0.074748657643795,0.16569843888283,0.018115647137165,0.085565812885761,0.058052241802216,0.12953220307827,-0.11632686108351,-0.072266675531864,0.0071319597773254,0.17525346577168,0.11008644849062,0.16219998896122,0.050041202455759,0.095381453633308,0.0098910536617041,0.074269905686378,-0.039417531341314,-0.020578941330314,0.16789400577545,0.02896186336875,-0.072828203439713,-0.012755719944835,0.0032657084520906,-0.028348768129945,0.08555568754673,-0.084423914551735,-0.13632847368717,-0.026280166581273,0.021688545122743,-0.0040912879630923,-0.10595902055502,-0.022930953651667,0.12798307836056,0.081206247210503,-0.04215844348073,-0.080716148018837,0.042364582419395,0.026951640844345,0.043960809707642,0.0084283482283354,-0.19458246231079,-0.17741572856903,-0.075152881443501,0.048113722354174,0.011487483978271,-0.038032546639442,0.14840039610863,0.032341845333576,-0.014088154770434,-0.13386501371861,0.0604088306427,0.023200247436762,-0.063952513039112,-0.031870655715466,-0.10802676528692,0.04192116111517,-0.10591445863247,-0.08964354544878,-0.16324488818645,-0.027753029018641,0.12574076652527,0.024087697267532,0.034223478287458,0.060314875096083,-0.025152213871479,0.098652951419353,-0.056513581424952,-0.024672044441104,-0.032164841890335,-0.015524377115071,0.052591022104025,0.026752499863505,-0.10508750379086,-0.040547482669353,-0.018821174278855,-0.015256605111063,-0.13471083343029,-0.14795270562172,0.16993077099323,-0.026249540969729,-0.022040080279112,0.079161427915096,0.060044106096029,0.08223544806242,0.088539808988571,-0.039050880819559,0.036457702517509,0.064444206655025,0.011833305470645,0.30518764257431,-0.15307325124741,0.013714630156755,0.052284903824329,-0.19221213459969,0.095067270100117,0.076470486819744,0.033954314887524,-0.067637622356415,-0.0039471653290093,0.07498949021101,0.10771626979113,0.076400600373745,-0.035776425153017,-0.12185615301132,-0.0026931858155876,0.025200571864843,0.013655139133334,0.13633871078491,0.1003398373723
